day,strategy_name,interval,total,success,fail
2021-09-15,海龟放量,1,8,0,8
2021-09-15,海龟放量,2,8,0,8
2021-09-15,海龟放量,3,8,0,8
2021-09-15,海龟放量,4,8,0,8
2021-09-15,海龟放量,5,8,0,8
2021-09-15,海龟放量,6,8,0,8
2021-09-15,海龟放量,7,8,0,8
2021-09-15,海龟放量,8,8,0,8
2021-09-15,海龟放量,9,8,0,8
2021-09-15,海龟均线,1,100,8,84
2021-09-15,海龟均线,2,100,14,80
2021-09-15,海龟均线,3,100,18,76
2021-09-15,海龟均线,4,100,12,84
2021-09-15,海龟均线,5,100,6,94
2021-09-15,海龟均线,6,100,2,98
2021-09-15,海龟均线,7,100,2,94
2021-09-15,海龟均线,8,100,0,100
2021-09-15,海龟均线,9,100,0,98
2021-09-15,海龟突破,1,8,0,8
2021-09-15,海龟突破,2,8,2,6
2021-09-15,海龟突破,3,8,2,6
2021-09-15,海龟突破,4,8,2,6
2021-09-15,海龟突破,5,8,0,8
2021-09-15,海龟突破,6,8,0,8
2021-09-15,海龟突破,7,8,0,8
2021-09-15,海龟突破,8,8,0,8
2021-09-15,海龟突破,9,8,0,8
2021-09-15,均线突破,1,6,0,6
2021-09-15,均线突破,2,6,0,6
2021-09-15,均线突破,3,6,0,6
2021-09-15,均线突破,4,6,0,6
2021-09-15,均线突破,5,6,0,6
2021-09-15,均线突破,6,6,0,6
2021-09-15,均线突破,7,6,0,6
2021-09-15,均线突破,8,6,0,6
2021-09-15,均线突破,9,6,0,6
2021-09-15,海龟均线突破,1,4,0,4
2021-09-15,海龟均线突破,2,4,0,4
2021-09-15,海龟均线突破,3,4,0,4
2021-09-15,海龟均线突破,4,4,0,4
2021-09-15,海龟均线突破,5,4,0,4
2021-09-15,海龟均线突破,6,4,0,4
2021-09-15,海龟均线突破,7,4,0,4
2021-09-15,海龟均线突破,8,4,0,4
2021-09-15,海龟均线突破,9,4,0,4
2021-09-16,海龟放量,1,5,0,4
2021-09-16,海龟放量,2,5,1,2
2021-09-16,海龟放量,3,5,0,3
2021-09-16,海龟放量,4,5,1,4
2021-09-16,海龟放量,5,5,1,4
2021-09-16,海龟放量,6,5,1,4
2021-09-16,海龟放量,7,5,1,4
2021-09-16,海龟放量,8,5,1,4
2021-09-16,海龟放量,9,5,1,4
2021-09-16,海龟均线,1,35,5,29
2021-09-16,海龟均线,2,35,12,23
2021-09-16,海龟均线,3,35,7,28
2021-09-16,海龟均线,4,35,2,32
2021-09-16,海龟均线,5,35,1,34
2021-09-16,海龟均线,6,35,1,33
2021-09-16,海龟均线,7,35,0,35
2021-09-16,海龟均线,8,35,0,33
2021-09-16,海龟均线,9,35,0,34
2021-09-16,海龟突破,1,3,0,3
2021-09-16,海龟突破,2,3,0,3
2021-09-16,海龟突破,3,3,0,3
2021-09-16,海龟突破,4,3,0,3
2021-09-16,海龟突破,5,3,0,3
2021-09-16,海龟突破,6,3,0,3
2021-09-16,海龟突破,7,3,0,3
2021-09-16,海龟突破,8,3,0,3
2021-09-16,海龟突破,9,3,0,3
2021-09-16,均线突破,1,3,0,3
2021-09-16,均线突破,2,3,0,3
2021-09-16,均线突破,3,3,0,3
2021-09-16,均线突破,4,3,0,3
2021-09-16,均线突破,5,3,0,3
2021-09-16,均线突破,6,3,0,3
2021-09-16,均线突破,7,3,0,3
2021-09-16,均线突破,8,3,0,3
2021-09-16,均线突破,9,3,0,3
2021-09-16,海龟均线突破,1,2,0,2
2021-09-16,海龟均线突破,2,2,0,2
2021-09-16,海龟均线突破,3,2,0,2
2021-09-16,海龟均线突破,4,2,0,2
2021-09-16,海龟均线突破,5,2,0,2
2021-09-16,海龟均线突破,6,2,0,2
2021-09-16,海龟均线突破,7,2,0,2
2021-09-16,海龟均线突破,8,2,0,2
2021-09-16,海龟均线突破,9,2,0,2
2021-09-22,海龟放量,1,12,3,8
2021-09-22,海龟放量,2,12,4,7
2021-09-22,海龟放量,3,12,1,9
2021-09-22,海龟放量,4,12,4,4
2021-09-22,海龟放量,5,12,3,7
2021-09-22,海龟放量,6,12,3,7
2021-09-22,海龟放量,7,12,3,8
2021-09-22,海龟放量,8,12,1,10
2021-09-22,海龟放量,9,12,0,12
2021-09-22,海龟均线,1,59,17,41
2021-09-22,海龟均线,2,59,11,46
2021-09-22,海龟均线,3,59,4,55
2021-09-22,海龟均线,4,59,5,50
2021-09-22,海龟均线,5,59,4,54
2021-09-22,海龟均线,6,59,4,53
2021-09-22,海龟均线,7,59,6,53
2021-09-22,海龟均线,8,59,3,56
2021-09-22,海龟均线,9,59,4,55
2021-09-22,海龟突破,1,9,1,8
2021-09-22,海龟突破,2,9,0,9
2021-09-22,海龟突破,3,9,0,9
2021-09-22,海龟突破,4,9,2,7
2021-09-22,海龟突破,5,9,1,8
2021-09-22,海龟突破,6,9,1,7
2021-09-22,海龟突破,7,9,0,8
2021-09-22,海龟突破,8,9,0,9
2021-09-22,海龟突破,9,9,0,9
2021-09-22,均线突破,1,5,0,5
2021-09-22,均线突破,2,5,0,5
2021-09-22,均线突破,3,5,0,4
2021-09-22,均线突破,4,5,1,4
2021-09-22,均线突破,5,5,0,5
2021-09-22,均线突破,6,5,0,3
2021-09-22,均线突破,7,5,1,4
2021-09-22,均线突破,8,5,0,4
2021-09-22,均线突破,9,5,1,4
2021-09-22,海龟均线突破,1,4,0,4
2021-09-22,海龟均线突破,2,4,0,4
2021-09-22,海龟均线突破,3,4,0,4
2021-09-22,海龟均线突破,4,4,1,3
2021-09-22,海龟均线突破,5,4,0,4
2021-09-22,海龟均线突破,6,4,0,3
2021-09-22,海龟均线突破,7,4,0,4
2021-09-22,海龟均线突破,8,4,0,4
2021-09-22,海龟均线突破,9,4,0,4
2021-09-23,海龟放量,1,9,1,7
2021-09-23,海龟放量,2,9,0,9
2021-09-23,海龟放量,3,9,3,6
2021-09-23,海龟放量,4,9,1,7
2021-09-23,海龟放量,5,9,1,6
2021-09-23,海龟放量,6,9,1,8
2021-09-23,海龟放量,7,9,0,9
2021-09-23,海龟放量,8,9,0,9
2021-09-23,海龟放量,9,9,0,9
2021-09-23,海龟均线,1,42,5,36
2021-09-23,海龟均线,2,42,4,37
2021-09-23,海龟均线,3,42,5,35
2021-09-23,海龟均线,4,42,2,37
2021-09-23,海龟均线,5,42,7,35
2021-09-23,海龟均线,6,42,3,38
2021-09-23,海龟均线,7,42,4,38
2021-09-23,海龟均线,8,42,3,38
2021-09-23,海龟均线,9,42,2,40
2021-09-23,海龟突破,1,5,0,5
2021-09-23,海龟突破,2,5,0,5
2021-09-23,海龟突破,3,5,1,4
2021-09-23,海龟突破,4,5,0,4
2021-09-23,海龟突破,5,5,0,4
2021-09-23,海龟突破,6,5,0,5
2021-09-23,海龟突破,7,5,0,5
2021-09-23,海龟突破,8,5,0,5
2021-09-23,海龟突破,9,5,0,5
2021-09-23,均线突破,1,2,0,2
2021-09-23,均线突破,2,2,0,2
2021-09-23,均线突破,3,2,1,1
2021-09-23,均线突破,4,2,0,1
2021-09-23,均线突破,5,2,0,1
2021-09-23,均线突破,6,2,0,2
2021-09-23,均线突破,7,2,0,2
2021-09-23,均线突破,8,2,0,2
2021-09-23,均线突破,9,2,0,2
2021-09-23,海龟均线突破,1,2,0,2
2021-09-23,海龟均线突破,2,2,0,2
2021-09-23,海龟均线突破,3,2,1,1
2021-09-23,海龟均线突破,4,2,0,1
2021-09-23,海龟均线突破,5,2,0,1
2021-09-23,海龟均线突破,6,2,0,2
2021-09-23,海龟均线突破,7,2,0,2
2021-09-23,海龟均线突破,8,2,0,2
2021-09-23,海龟均线突破,9,2,0,2
2021-09-27,海龟放量,1,4,0,4
2021-09-27,海龟放量,2,4,0,4
2021-09-27,海龟放量,3,4,0,4
2021-09-27,海龟放量,4,4,0,3
2021-09-27,海龟放量,5,4,1,2
2021-09-27,海龟放量,6,4,1,2
2021-09-27,海龟放量,7,4,2,2
2021-09-27,海龟放量,8,4,2,2
2021-09-27,海龟放量,9,4,2,2
2021-09-27,海龟均线,1,7,1,4
2021-09-27,海龟均线,2,7,0,7
2021-09-27,海龟均线,3,7,1,5
2021-09-27,海龟均线,4,7,3,4
2021-09-27,海龟均线,5,7,2,5
2021-09-27,海龟均线,6,7,2,5
2021-09-27,海龟均线,7,7,2,5
2021-09-27,海龟均线,8,7,1,6
2021-09-27,海龟均线,9,7,1,6
2021-09-27,海龟突破,1,5,0,5
2021-09-27,海龟突破,2,5,0,5
2021-09-27,海龟突破,3,5,0,5
2021-09-27,海龟突破,4,5,0,5
2021-09-27,海龟突破,5,5,0,5
2021-09-27,海龟突破,6,5,0,5
2021-09-27,海龟突破,7,5,0,5
2021-09-27,海龟突破,8,5,0,5
2021-09-27,海龟突破,9,5,0,5
2021-09-27,均线突破,1,6,0,6
2021-09-27,均线突破,2,6,0,6
2021-09-27,均线突破,3,6,0,6
2021-09-27,均线突破,4,6,0,6
2021-09-27,均线突破,5,6,0,6
2021-09-27,均线突破,6,6,0,5
2021-09-27,均线突破,7,6,1,5
2021-09-27,均线突破,8,6,1,5
2021-09-27,均线突破,9,6,1,5
2021-09-27,海龟均线突破,1,1,0,1
2021-09-27,海龟均线突破,2,1,0,1
2021-09-27,海龟均线突破,3,1,0,1
2021-09-27,海龟均线突破,4,1,0,1
2021-09-27,海龟均线突破,5,1,0,1
2021-09-27,海龟均线突破,6,1,0,1
2021-09-27,海龟均线突破,7,1,0,1
2021-09-27,海龟均线突破,8,1,0,1
2021-09-27,海龟均线突破,9,1,0,1
2021-09-28,海龟放量,1,4,1,3
2021-09-28,海龟放量,2,4,1,3
2021-09-28,海龟放量,3,4,1,3
2021-09-28,海龟放量,4,4,1,3
2021-09-28,海龟放量,5,4,1,3
2021-09-28,海龟放量,6,4,1,3
2021-09-28,海龟放量,7,4,1,3
2021-09-28,海龟放量,8,4,1,3
2021-09-28,海龟放量,9,4,1,3
2021-09-28,海龟均线,1,22,1,21
2021-09-28,海龟均线,2,22,3,16
2021-09-28,海龟均线,3,22,3,16
2021-09-28,海龟均线,4,22,3,19
2021-09-28,海龟均线,5,22,3,18
2021-09-28,海龟均线,6,22,1,19
2021-09-28,海龟均线,7,22,2,20
2021-09-28,海龟均线,8,22,2,20
2021-09-28,海龟均线,9,22,2,20
2021-09-28,海龟突破,1,7,0,7
2021-09-28,海龟突破,2,7,0,7
2021-09-28,海龟突破,3,7,0,7
2021-09-28,海龟突破,4,7,0,7
2021-09-28,海龟突破,5,7,0,7
2021-09-28,海龟突破,6,7,0,7
2021-09-28,海龟突破,7,7,0,7
2021-09-28,海龟突破,8,7,0,7
2021-09-28,海龟突破,9,7,0,7
2021-09-28,均线突破,1,1,1,0
2021-09-28,均线突破,2,1,1,0
2021-09-28,均线突破,3,1,1,0
2021-09-28,均线突破,4,1,1,0
2021-09-28,均线突破,5,1,1,0
2021-09-28,均线突破,6,1,1,0
2021-09-28,均线突破,7,1,1,0
2021-09-28,均线突破,8,1,1,0
2021-09-28,均线突破,9,1,1,0
2021-09-29,海龟放量,1,3,1,2
2021-09-29,海龟放量,2,3,1,0
2021-09-29,海龟放量,3,3,1,1
2021-09-29,海龟放量,4,3,1,1
2021-09-29,海龟放量,5,3,2,1
2021-09-29,海龟放量,6,3,0,1
2021-09-29,海龟放量,7,3,1,1
2021-09-29,海龟放量,8,3,1,1
2021-09-29,海龟放量,9,3,2,1
2021-09-29,海龟均线,1,5,0,5
2021-09-29,海龟均线,2,5,0,5
2021-09-29,海龟均线,3,5,0,5
2021-09-29,海龟均线,4,5,0,5
2021-09-29,海龟均线,5,5,0,5
2021-09-29,海龟均线,6,5,0,5
2021-09-29,海龟均线,7,5,0,5
2021-09-29,海龟均线,8,5,0,5
2021-09-29,海龟均线,9,5,0,5
2021-09-29,海龟突破,1,3,0,3
2021-09-29,海龟突破,2,3,0,2
2021-09-29,海龟突破,3,3,1,2
2021-09-29,海龟突破,4,3,1,2
2021-09-29,海龟突破,5,3,1,2
2021-09-29,海龟突破,6,3,0,2
2021-09-29,海龟突破,7,3,1,2
2021-09-29,海龟突破,8,3,1,2
2021-09-29,海龟突破,9,3,1,2
2021-09-29,均线突破,1,1,0,1
2021-09-29,均线突破,2,1,0,0
2021-09-29,均线突破,3,1,1,0
2021-09-29,均线突破,4,1,1,0
2021-09-29,均线突破,5,1,1,0
2021-09-29,均线突破,6,1,0,0
2021-09-29,均线突破,7,1,1,0
2021-09-29,均线突破,8,1,1,0
2021-09-29,均线突破,9,1,1,0
2021-09-29,海龟均线突破,1,1,0,1
2021-09-29,海龟均线突破,2,1,0,0
2021-09-29,海龟均线突破,3,1,1,0
2021-09-29,海龟均线突破,4,1,1,0
2021-09-29,海龟均线突破,5,1,1,0
2021-09-29,海龟均线突破,6,1,0,0
2021-09-29,海龟均线突破,7,1,1,0
2021-09-29,海龟均线突破,8,1,1,0
2021-09-29,海龟均线突破,9,1,1,0
2021-10-18,海龟均线,1,4,1,3
2021-10-18,海龟均线,2,4,1,3
2021-10-18,海龟均线,3,4,1,3
2021-10-18,海龟均线,4,4,1,3
2021-10-18,海龟均线,5,4,1,3
2021-10-18,海龟均线,6,4,1,3
2021-10-18,海龟均线,7,4,1,3
2021-10-18,海龟均线,8,4,1,3
2021-10-18,海龟均线,9,4,1,3
2021-10-18,海龟突破,1,3,0,3
2021-10-18,海龟突破,2,3,0,3
2021-10-18,海龟突破,3,3,1,1
2021-10-18,海龟突破,4,3,1,1
2021-10-18,海龟突破,5,3,2,1
2021-10-18,海龟突破,6,3,2,1
2021-10-18,海龟突破,7,3,2,1
2021-10-18,海龟突破,8,3,2,1
2021-10-18,海龟突破,9,3,1,1
2021-10-19,海龟放量,1,3,0,3
2021-10-19,海龟放量,2,3,0,3
2021-10-19,海龟放量,3,3,0,3
2021-10-19,海龟放量,4,3,0,3
2021-10-19,海龟放量,5,3,0,3
2021-10-19,海龟放量,6,3,0,3
2021-10-19,海龟放量,7,3,0,2
2021-10-19,海龟放量,8,3,0,2
2021-10-19,海龟放量,9,3,0,3
2021-10-19,海龟均线,1,7,2,4
2021-10-19,海龟均线,2,7,3,4
2021-10-19,海龟均线,3,7,2,5
2021-10-19,海龟均线,4,7,3,4
2021-10-19,海龟均线,5,7,3,4
2021-10-19,海龟均线,6,7,3,4
2021-10-19,海龟均线,7,7,1,5
2021-10-19,海龟均线,8,7,2,5
2021-10-19,海龟均线,9,7,2,5
2021-10-19,海龟突破,1,3,0,2
2021-10-19,海龟突破,2,3,0,2
2021-10-19,海龟突破,3,3,1,2
2021-10-19,海龟突破,4,3,1,2
2021-10-19,海龟突破,5,3,0,2
2021-10-19,海龟突破,6,3,0,2
2021-10-19,海龟突破,7,3,0,2
2021-10-19,海龟突破,8,3,0,2
2021-10-19,海龟突破,9,3,0,3
2021-10-19,均线突破,1,1,0,1
2021-10-19,均线突破,2,1,0,0
2021-10-19,均线突破,3,1,0,0
2021-10-19,均线突破,4,1,0,1
2021-10-19,均线突破,5,1,0,0
2021-10-19,均线突破,6,1,0,1
2021-10-19,均线突破,7,1,0,0
2021-10-19,均线突破,8,1,0,1
2021-10-19,均线突破,9,1,1,0
2021-10-21,海龟均线,1,5,0,4
2021-10-21,海龟均线,2,5,1,4
2021-10-21,海龟均线,3,5,1,3
2021-10-21,海龟均线,4,5,1,4
2021-10-21,海龟均线,5,5,1,4
2021-10-21,海龟均线,6,5,1,4
2021-10-21,海龟均线,7,5,1,3
2021-10-21,海龟均线,8,5,2,3
2021-10-21,海龟均线,9,5,2,3
2021-10-21,海龟突破,1,2,0,0
2021-10-21,海龟突破,2,2,1,1
2021-10-21,海龟突破,3,2,1,1
2021-10-21,海龟突破,4,2,1,1
2021-10-21,海龟突破,5,2,1,1
2021-10-21,海龟突破,6,2,1,1
2021-10-21,海龟突破,7,2,1,1
2021-10-21,海龟突破,8,2,1,1
2021-10-21,海龟突破,9,2,1,1
2021-10-26,海龟放量,1,1,0,0
2021-10-26,海龟放量,2,1,0,0
2021-10-26,海龟放量,3,1,0,1
2021-10-26,海龟放量,4,1,0,1
2021-10-26,海龟放量,5,1,0,1
2021-10-26,海龟放量,6,1,0,1
2021-10-26,海龟放量,7,1,0,1
2021-10-26,海龟放量,8,1,0,1
2021-10-26,海龟放量,9,1,0,1
2021-10-26,海龟均线,1,11,5,5
2021-10-26,海龟均线,2,11,3,7
2021-10-26,海龟均线,3,11,4,7
2021-10-26,海龟均线,4,11,4,5
2021-10-26,海龟均线,5,11,3,7
2021-10-26,海龟均线,6,11,4,7
2021-10-26,海龟均线,7,11,5,6
2021-10-26,海龟均线,8,11,3,6
2021-10-26,海龟均线,9,11,4,7
2021-10-26,海龟突破,1,2,0,2
2021-10-26,海龟突破,2,2,0,2
2021-10-26,海龟突破,3,2,0,1
2021-10-26,海龟突破,4,2,0,1
2021-10-26,海龟突破,5,2,0,1
2021-10-26,海龟突破,6,2,0,2
2021-10-26,海龟突破,7,2,0,1
2021-10-26,海龟突破,8,2,1,1
2021-10-26,海龟突破,9,2,1,1
2021-10-26,均线突破,1,1,0,0
2021-10-26,均线突破,2,1,0,1
2021-10-26,均线突破,3,1,0,0
2021-10-26,均线突破,4,1,1,0
2021-10-26,均线突破,5,1,1,0
2021-10-26,均线突破,6,1,1,0
2021-10-26,均线突破,7,1,1,0
2021-10-26,均线突破,8,1,1,0
2021-10-26,均线突破,9,1,1,0
2021-10-27,海龟放量,1,1,0,1
2021-10-27,海龟放量,2,1,0,1
2021-10-27,海龟放量,3,1,0,1
2021-10-27,海龟放量,4,1,0,1
2021-10-27,海龟放量,5,1,0,1
2021-10-27,海龟放量,6,1,0,1
2021-10-27,海龟放量,7,1,0,1
2021-10-27,海龟放量,8,1,0,1
2021-10-27,海龟放量,9,1,0,1
2021-10-27,海龟均线,1,14,3,11
2021-10-27,海龟均线,2,14,4,10
2021-10-27,海龟均线,3,14,2,12
2021-10-27,海龟均线,4,14,2,12
2021-10-27,海龟均线,5,14,2,12
2021-10-27,海龟均线,6,14,2,11
2021-10-27,海龟均线,7,14,2,11
2021-10-27,海龟均线,8,14,3,11
2021-10-27,海龟均线,9,14,3,11
2021-10-27,海龟突破,1,1,0,1
2021-10-27,海龟突破,2,1,0,1
2021-10-27,海龟突破,3,1,0,1
2021-10-27,海龟突破,4,1,0,1
2021-10-27,海龟突破,5,1,0,1
2021-10-27,海龟突破,6,1,0,1
2021-10-27,海龟突破,7,1,0,1
2021-10-27,海龟突破,8,1,0,1
2021-10-27,海龟突破,9,1,0,1
2021-10-31,海龟放量,1,10,0,10
2021-10-31,海龟放量,2,10,0,10
2021-10-31,海龟放量,3,10,0,10
2021-10-31,海龟放量,4,10,0,10
2021-10-31,海龟放量,5,10,0,10
2021-10-31,海龟放量,6,10,0,10
2021-10-31,海龟放量,7,10,0,10
2021-10-31,海龟放量,8,10,0,10
2021-10-31,海龟放量,9,10,0,10
2021-10-31,海龟均线,1,18,0,18
2021-10-31,海龟均线,2,18,0,18
2021-10-31,海龟均线,3,18,0,18
2021-10-31,海龟均线,4,18,0,18
2021-10-31,海龟均线,5,18,0,18
2021-10-31,海龟均线,6,18,0,18
2021-10-31,海龟均线,7,18,0,18
2021-10-31,海龟均线,8,18,0,18
2021-10-31,海龟均线,9,18,0,18
2021-10-31,海龟突破,1,9,0,9
2021-10-31,海龟突破,2,9,0,9
2021-10-31,海龟突破,3,9,0,9
2021-10-31,海龟突破,4,9,0,9
2021-10-31,海龟突破,5,9,0,9
2021-10-31,海龟突破,6,9,0,9
2021-10-31,海龟突破,7,9,0,9
2021-10-31,海龟突破,8,9,0,9
2021-10-31,海龟突破,9,9,0,9
2021-11-01,海龟放量,1,13,2,9
2021-11-01,海龟放量,2,13,1,11
2021-11-01,海龟放量,3,13,3,9
2021-11-01,海龟放量,4,13,1,8
2021-11-01,海龟放量,5,13,1,11
2021-11-01,海龟放量,6,13,1,11
2021-11-01,海龟放量,7,13,1,11
2021-11-01,海龟放量,8,13,1,11
2021-11-01,海龟放量,9,13,3,10
2021-11-01,海龟均线,1,65,11,50
2021-11-01,海龟均线,2,65,11,52
2021-11-01,海龟均线,3,65,14,48
2021-11-01,海龟均线,4,65,11,51
2021-11-01,海龟均线,5,65,10,48
2021-11-01,海龟均线,6,65,14,48
2021-11-01,海龟均线,7,65,14,49
2021-11-01,海龟均线,8,65,14,49
2021-11-01,海龟均线,9,65,18,47
2021-11-01,海龟突破,1,12,1,8
2021-11-01,海龟突破,2,12,1,11
2021-11-01,海龟突破,3,12,1,9
2021-11-01,海龟突破,4,12,2,7
2021-11-01,海龟突破,5,12,3,9
2021-11-01,海龟突破,6,12,1,9
2021-11-01,海龟突破,7,12,2,9
2021-11-01,海龟突破,8,12,2,9
2021-11-01,海龟突破,9,12,3,9
2021-11-01,均线突破,1,4,0,3
2021-11-01,均线突破,2,4,0,3
2021-11-01,均线突破,3,4,0,2
2021-11-01,均线突破,4,4,0,2
2021-11-01,均线突破,5,4,0,4
2021-11-01,均线突破,6,4,0,4
2021-11-01,均线突破,7,4,0,3
2021-11-01,均线突破,8,4,0,3
2021-11-01,均线突破,9,4,1,3
2021-11-01,海龟均线突破,1,3,0,2
2021-11-01,海龟均线突破,2,3,0,3
2021-11-01,海龟均线突破,3,3,0,2
2021-11-01,海龟均线突破,4,3,0,1
2021-11-01,海龟均线突破,5,3,0,3
2021-11-01,海龟均线突破,6,3,0,3
2021-11-01,海龟均线突破,7,3,0,2
2021-11-01,海龟均线突破,8,3,0,2
2021-11-01,海龟均线突破,9,3,1,2
2021-11-02,海龟放量,1,11,2,9
2021-11-02,海龟放量,2,11,2,6
2021-11-02,海龟放量,3,11,1,9
2021-11-02,海龟放量,4,11,0,10
2021-11-02,海龟放量,5,11,1,7
2021-11-02,海龟放量,6,11,1,7
2021-11-02,海龟放量,7,11,2,6
2021-11-02,海龟放量,8,11,3,6
2021-11-02,海龟放量,9,11,1,6
2021-11-02,海龟均线,1,45,7,33
2021-11-02,海龟均线,2,45,12,29
2021-11-02,海龟均线,3,45,9,34
2021-11-02,海龟均线,4,45,10,33
2021-11-02,海龟均线,5,45,11,34
2021-11-02,海龟均线,6,45,10,33
2021-11-02,海龟均线,7,45,10,33
2021-11-02,海龟均线,8,45,14,31
2021-11-02,海龟均线,9,45,12,32
2021-11-02,海龟突破,1,12,0,12
2021-11-02,海龟突破,2,12,3,7
2021-11-02,海龟突破,3,12,2,9
2021-11-02,海龟突破,4,12,2,10
2021-11-02,海龟突破,5,12,2,10
2021-11-02,海龟突破,6,12,2,9
2021-11-02,海龟突破,7,12,3,7
2021-11-02,海龟突破,8,12,4,7
2021-11-02,海龟突破,9,12,3,7
2021-11-02,均线突破,1,6,0,6
2021-11-02,均线突破,2,6,0,5
2021-11-02,均线突破,3,6,0,6
2021-11-02,均线突破,4,6,0,5
2021-11-02,均线突破,5,6,0,5
2021-11-02,均线突破,6,6,0,4
2021-11-02,均线突破,7,6,2,3
2021-11-02,均线突破,8,6,1,3
2021-11-02,均线突破,9,6,0,3
2021-11-02,海龟均线突破,1,5,0,5
2021-11-02,海龟均线突破,2,5,0,4
2021-11-02,海龟均线突破,3,5,0,5
2021-11-02,海龟均线突破,4,5,0,5
2021-11-02,海龟均线突破,5,5,0,5
2021-11-02,海龟均线突破,6,5,0,4
2021-11-02,海龟均线突破,7,5,1,3
2021-11-02,海龟均线突破,8,5,1,3
2021-11-02,海龟均线突破,9,5,0,3
2021-11-03,海龟放量,1,2,1,1
2021-11-03,海龟放量,2,2,1,1
2021-11-03,海龟放量,3,2,1,1
2021-11-03,海龟放量,4,2,1,1
2021-11-03,海龟放量,5,2,1,1
2021-11-03,海龟放量,6,2,1,1
2021-11-03,海龟放量,7,2,1,1
2021-11-03,海龟放量,8,2,1,1
2021-11-03,海龟放量,9,2,1,1
2021-11-03,海龟均线,1,29,11,14
2021-11-03,海龟均线,2,29,9,20
2021-11-03,海龟均线,3,29,8,20
2021-11-03,海龟均线,4,29,9,18
2021-11-03,海龟均线,5,29,8,20
2021-11-03,海龟均线,6,29,7,20
2021-11-03,海龟均线,7,29,10,18
2021-11-03,海龟均线,8,29,8,19
2021-11-03,海龟均线,9,29,7,21
2021-11-03,海龟突破,1,4,0,4
2021-11-03,海龟突破,2,4,0,4
2021-11-03,海龟突破,3,4,0,4
2021-11-03,海龟突破,4,4,0,4
2021-11-03,海龟突破,5,4,0,4
2021-11-03,海龟突破,6,4,0,4
2021-11-03,海龟突破,7,4,0,4
2021-11-03,海龟突破,8,4,0,4
2021-11-03,海龟突破,9,4,0,4
2021-11-03,均线突破,1,1,0,1
2021-11-03,均线突破,2,1,0,1
2021-11-03,均线突破,3,1,0,1
2021-11-03,均线突破,4,1,0,1
2021-11-03,均线突破,5,1,0,1
2021-11-03,均线突破,6,1,0,1
2021-11-03,均线突破,7,1,0,1
2021-11-03,均线突破,8,1,0,1
2021-11-03,均线突破,9,1,0,1
2021-11-03,海龟均线突破,1,1,0,1
2021-11-03,海龟均线突破,2,1,0,1
2021-11-03,海龟均线突破,3,1,0,1
2021-11-03,海龟均线突破,4,1,0,1
2021-11-03,海龟均线突破,5,1,0,1
2021-11-03,海龟均线突破,6,1,0,1
2021-11-03,海龟均线突破,7,1,0,1
2021-11-03,海龟均线突破,8,1,0,1
2021-11-03,海龟均线突破,9,1,0,1
2021-11-04,海龟放量,1,2,0,2
2021-11-04,海龟放量,2,2,0,2
2021-11-04,海龟放量,3,2,0,2
2021-11-04,海龟放量,4,2,0,2
2021-11-04,海龟放量,5,2,0,2
2021-11-04,海龟放量,6,2,0,2
2021-11-04,海龟放量,7,2,0,2
2021-11-04,海龟放量,8,2,0,2
2021-11-04,海龟放量,9,2,0,2
2021-11-04,海龟均线,1,78,3,69
2021-11-04,海龟均线,2,78,3,68
2021-11-04,海龟均线,3,78,11,61
2021-11-04,海龟均线,4,78,9,63
2021-11-04,海龟均线,5,78,16,61
2021-11-04,海龟均线,6,78,20,54
2021-11-04,海龟均线,7,78,18,58
2021-11-04,海龟均线,8,78,18,57
2021-11-04,海龟均线,9,78,21,57
2021-11-04,海龟突破,1,10,0,8
2021-11-04,海龟突破,2,10,0,9
2021-11-04,海龟突破,3,10,0,9
2021-11-04,海龟突破,4,10,0,9
2021-11-04,海龟突破,5,10,1,7
2021-11-04,海龟突破,6,10,1,8
2021-11-04,海龟突破,7,10,1,8
2021-11-04,海龟突破,8,10,1,8
2021-11-04,海龟突破,9,10,2,8
2021-11-04,均线突破,1,1,0,1
2021-11-04,均线突破,2,1,0,1
2021-11-04,均线突破,3,1,0,1
2021-11-04,均线突破,4,1,0,1
2021-11-04,均线突破,5,1,0,1
2021-11-04,均线突破,6,1,0,1
2021-11-04,均线突破,7,1,0,1
2021-11-04,均线突破,8,1,0,1
2021-11-04,均线突破,9,1,0,1
2021-11-04,海龟均线突破,1,1,0,1
2021-11-04,海龟均线突破,2,1,0,1
2021-11-04,海龟均线突破,3,1,0,1
2021-11-04,海龟均线突破,4,1,0,1
2021-11-04,海龟均线突破,5,1,0,1
2021-11-04,海龟均线突破,6,1,0,1
2021-11-04,海龟均线突破,7,1,0,1
2021-11-04,海龟均线突破,8,1,0,1
2021-11-04,海龟均线突破,9,1,0,1
2021-11-05,海龟放量,1,6,0,5
2021-11-05,海龟放量,2,6,0,6
2021-11-05,海龟放量,3,6,0,6
2021-11-05,海龟放量,4,6,0,6
2021-11-05,海龟放量,5,6,0,6
2021-11-05,海龟放量,6,6,0,6
2021-11-05,海龟放量,7,6,0,6
2021-11-05,海龟放量,8,6,0,6
2021-11-05,海龟放量,9,6,0,6
2021-11-05,海龟均线,1,35,2,29
2021-11-05,海龟均线,2,35,5,30
2021-11-05,海龟均线,3,35,5,28
2021-11-05,海龟均线,4,35,6,27
2021-11-05,海龟均线,5,35,7,28
2021-11-05,海龟均线,6,35,7,27
2021-11-05,海龟均线,7,35,8,27
2021-11-05,海龟均线,8,35,8,27
2021-11-05,海龟均线,9,35,8,26
2021-11-05,海龟突破,1,8,0,7
2021-11-05,海龟突破,2,8,0,7
2021-11-05,海龟突破,3,8,0,7
2021-11-05,海龟突破,4,8,2,6
2021-11-05,海龟突破,5,8,1,5
2021-11-05,海龟突破,6,8,1,6
2021-11-05,海龟突破,7,8,2,5
2021-11-05,海龟突破,8,8,3,5
2021-11-05,海龟突破,9,8,2,5
2021-11-05,均线突破,1,2,0,2
2021-11-05,均线突破,2,2,0,2
2021-11-05,均线突破,3,2,0,2
2021-11-05,均线突破,4,2,0,2
2021-11-05,均线突破,5,2,0,2
2021-11-05,均线突破,6,2,0,2
2021-11-05,均线突破,7,2,0,2
2021-11-05,均线突破,8,2,0,2
2021-11-05,均线突破,9,2,0,2
2021-11-05,海龟均线突破,1,2,0,2
2021-11-05,海龟均线突破,2,2,0,2
2021-11-05,海龟均线突破,3,2,0,2
2021-11-05,海龟均线突破,4,2,0,2
2021-11-05,海龟均线突破,5,2,0,2
2021-11-05,海龟均线突破,6,2,0,2
2021-11-05,海龟均线突破,7,2,0,2
2021-11-05,海龟均线突破,8,2,0,2
2021-11-05,海龟均线突破,9,2,0,2
2021-11-08,海龟放量,1,4,0,4
2021-11-08,海龟放量,2,4,0,4
2021-11-08,海龟放量,3,4,0,3
2021-11-08,海龟放量,4,4,1,2
2021-11-08,海龟放量,5,4,1,3
2021-11-08,海龟放量,6,4,1,3
2021-11-08,海龟放量,7,4,1,3
2021-11-08,海龟放量,8,4,0,3
2021-11-08,海龟放量,9,4,0,3
2021-11-08,海龟均线,1,36,8,23
2021-11-08,海龟均线,2,36,8,26
2021-11-08,海龟均线,3,36,9,23
2021-11-08,海龟均线,4,36,12,22
2021-11-08,海龟均线,5,36,11,23
2021-11-08,海龟均线,6,36,11,24
2021-11-08,海龟均线,7,36,10,21
2021-11-08,海龟均线,8,36,10,24
2021-11-08,海龟均线,9,36,9,23
2021-11-08,海龟突破,1,5,0,4
2021-11-08,海龟突破,2,5,0,4
2021-11-08,海龟突破,3,5,1,4
2021-11-08,海龟突破,4,5,1,3
2021-11-08,海龟突破,5,5,0,5
2021-11-08,海龟突破,6,5,0,5
2021-11-08,海龟突破,7,5,0,5
2021-11-08,海龟突破,8,5,0,5
2021-11-08,海龟突破,9,5,0,5
2021-11-08,均线突破,1,2,0,2
2021-11-08,均线突破,2,2,0,2
2021-11-08,均线突破,3,2,0,2
2021-11-08,均线突破,4,2,0,1
2021-11-08,均线突破,5,2,0,2
2021-11-08,均线突破,6,2,0,2
2021-11-08,均线突破,7,2,0,2
2021-11-08,均线突破,8,2,0,2
2021-11-08,均线突破,9,2,0,2
2021-11-08,海龟均线突破,1,2,0,2
2021-11-08,海龟均线突破,2,2,0,2
2021-11-08,海龟均线突破,3,2,0,2
2021-11-08,海龟均线突破,4,2,0,1
2021-11-08,海龟均线突破,5,2,0,2
2021-11-08,海龟均线突破,6,2,0,2
2021-11-08,海龟均线突破,7,2,0,2
2021-11-08,海龟均线突破,8,2,0,2
2021-11-08,海龟均线突破,9,2,0,2
2021-11-09,海龟放量,1,2,0,2
2021-11-09,海龟放量,2,2,0,2
2021-11-09,海龟放量,3,2,1,1
2021-11-09,海龟放量,4,2,1,1
2021-11-09,海龟放量,5,2,0,2
2021-11-09,海龟放量,6,2,0,1
2021-11-09,海龟放量,7,2,1,1
2021-11-09,海龟放量,8,2,1,1
2021-11-09,海龟放量,9,2,1,1
2021-11-09,海龟均线,1,62,12,42
2021-11-09,海龟均线,2,62,16,40
2021-11-09,海龟均线,3,62,19,36
2021-11-09,海龟均线,4,62,16,43
2021-11-09,海龟均线,5,62,18,43
2021-11-09,海龟均线,6,62,19,42
2021-11-09,海龟均线,7,62,16,44
2021-11-09,海龟均线,8,62,16,44
2021-11-09,海龟均线,9,62,20,39
2021-11-09,海龟突破,1,5,1,3
2021-11-09,海龟突破,2,5,2,3
2021-11-09,海龟突破,3,5,1,3
2021-11-09,海龟突破,4,5,1,4
2021-11-09,海龟突破,5,5,1,4
2021-11-09,海龟突破,6,5,1,4
2021-11-09,海龟突破,7,5,1,4
2021-11-09,海龟突破,8,5,1,4
2021-11-09,海龟突破,9,5,1,4
2021-11-10,海龟放量,1,4,1,3
2021-11-10,海龟放量,2,4,1,3
2021-11-10,海龟放量,3,4,1,3
2021-11-10,海龟放量,4,4,1,2
2021-11-10,海龟放量,5,4,1,2
2021-11-10,海龟放量,6,4,1,3
2021-11-10,海龟放量,7,4,1,3
2021-11-10,海龟放量,8,4,1,3
2021-11-10,海龟放量,9,4,1,3
2021-11-10,海龟均线,1,64,17,44
2021-11-10,海龟均线,2,64,18,44
2021-11-10,海龟均线,3,64,17,44
2021-11-10,海龟均线,4,64,18,44
2021-11-10,海龟均线,5,64,18,45
2021-11-10,海龟均线,6,64,12,44
2021-11-10,海龟均线,7,64,15,43
2021-11-10,海龟均线,8,64,17,45
2021-11-10,海龟均线,9,64,18,40
2021-11-10,海龟突破,1,7,2,3
2021-11-10,海龟突破,2,7,2,4
2021-11-10,海龟突破,3,7,2,5
2021-11-10,海龟突破,4,7,2,4
2021-11-10,海龟突破,5,7,2,4
2021-11-10,海龟突破,6,7,2,5
2021-11-10,海龟突破,7,7,2,5
2021-11-10,海龟突破,8,7,2,4
2021-11-10,海龟突破,9,7,2,5
2021-11-10,均线突破,1,3,1,2
2021-11-10,均线突破,2,3,1,2
2021-11-10,均线突破,3,3,1,2
2021-11-10,均线突破,4,3,1,1
2021-11-10,均线突破,5,3,1,1
2021-11-10,均线突破,6,3,1,2
2021-11-10,均线突破,7,3,1,2
2021-11-10,均线突破,8,3,1,2
2021-11-10,均线突破,9,3,1,2
2021-11-10,海龟均线突破,1,2,1,1
2021-11-10,海龟均线突破,2,2,1,1
2021-11-10,海龟均线突破,3,2,1,1
2021-11-10,海龟均线突破,4,2,1,0
2021-11-10,海龟均线突破,5,2,1,0
2021-11-10,海龟均线突破,6,2,1,1
2021-11-10,海龟均线突破,7,2,1,1
2021-11-10,海龟均线突破,8,2,1,1
2021-11-10,海龟均线突破,9,2,1,1
2021-11-11,海龟放量,1,22,1,20
2021-11-11,海龟放量,2,22,0,21
2021-11-11,海龟放量,3,22,0,21
2021-11-11,海龟放量,4,22,0,21
2021-11-11,海龟放量,5,22,0,21
2021-11-11,海龟放量,6,22,0,19
2021-11-11,海龟放量,7,22,2,19
2021-11-11,海龟放量,8,22,1,19
2021-11-11,海龟放量,9,22,2,19
2021-11-11,海龟均线,1,68,10,46
2021-11-11,海龟均线,2,68,13,51
2021-11-11,海龟均线,3,68,14,49
2021-11-11,海龟均线,4,68,17,48
2021-11-11,海龟均线,5,68,15,51
2021-11-11,海龟均线,6,68,18,49
2021-11-11,海龟均线,7,68,19,45
2021-11-11,海龟均线,8,68,16,48
2021-11-11,海龟均线,9,68,15,48
2021-11-11,海龟突破,1,20,1,18
2021-11-11,海龟突破,2,20,1,19
2021-11-11,海龟突破,3,20,1,18
2021-11-11,海龟突破,4,20,2,18
2021-11-11,海龟突破,5,20,1,19
2021-11-11,海龟突破,6,20,1,18
2021-11-11,海龟突破,7,20,1,18
2021-11-11,海龟突破,8,20,0,19
2021-11-11,海龟突破,9,20,0,18
2021-11-11,均线突破,1,17,0,15
2021-11-11,均线突破,2,17,0,17
2021-11-11,均线突破,3,17,0,17
2021-11-11,均线突破,4,17,0,17
2021-11-11,均线突破,5,17,0,17
2021-11-11,均线突破,6,17,0,16
2021-11-11,均线突破,7,17,0,17
2021-11-11,均线突破,8,17,0,16
2021-11-11,均线突破,9,17,0,16
2021-11-11,海龟均线突破,1,14,0,13
2021-11-11,海龟均线突破,2,14,0,14
2021-11-11,海龟均线突破,3,14,0,14
2021-11-11,海龟均线突破,4,14,0,14
2021-11-11,海龟均线突破,5,14,0,14
2021-11-11,海龟均线突破,6,14,0,13
2021-11-11,海龟均线突破,7,14,0,14
2021-11-11,海龟均线突破,8,14,0,14
2021-11-11,海龟均线突破,9,14,0,14
2021-11-12,海龟放量,1,9,0,8
2021-11-12,海龟放量,2,9,0,8
2021-11-12,海龟放量,3,9,1,7
2021-11-12,海龟放量,4,9,1,6
2021-11-12,海龟放量,5,9,1,6
2021-11-12,海龟放量,6,9,3,4
2021-11-12,海龟放量,7,9,3,5
2021-11-12,海龟放量,8,9,3,5
2021-11-12,海龟放量,9,9,3,5
2021-11-12,海龟均线,1,99,15,74
2021-11-12,海龟均线,2,99,14,78
2021-11-12,海龟均线,3,99,20,68
2021-11-12,海龟均线,4,99,19,76
2021-11-12,海龟均线,5,99,27,69
2021-11-12,海龟均线,6,99,31,64
2021-11-12,海龟均线,7,99,23,67
2021-11-12,海龟均线,8,99,25,70
2021-11-12,海龟均线,9,99,22,73
2021-11-12,海龟突破,1,8,0,6
2021-11-12,海龟突破,2,8,0,7
2021-11-12,海龟突破,3,8,1,7
2021-11-12,海龟突破,4,8,1,7
2021-11-12,海龟突破,5,8,2,5
2021-11-12,海龟突破,6,8,1,7
2021-11-12,海龟突破,7,8,1,7
2021-11-12,海龟突破,8,8,0,7
2021-11-12,海龟突破,9,8,0,7
2021-11-12,均线突破,1,3,0,3
2021-11-12,均线突破,2,3,0,3
2021-11-12,均线突破,3,3,0,3
2021-11-12,均线突破,4,3,0,3
2021-11-12,均线突破,5,3,0,3
2021-11-12,均线突破,6,3,0,3
2021-11-12,均线突破,7,3,0,3
2021-11-12,均线突破,8,3,0,3
2021-11-12,均线突破,9,3,0,3
2021-11-12,海龟均线突破,1,3,0,3
2021-11-12,海龟均线突破,2,3,0,3
2021-11-12,海龟均线突破,3,3,0,3
2021-11-12,海龟均线突破,4,3,0,3
2021-11-12,海龟均线突破,5,3,0,3
2021-11-12,海龟均线突破,6,3,0,3
2021-11-12,海龟均线突破,7,3,0,3
2021-11-12,海龟均线突破,8,3,0,3
2021-11-12,海龟均线突破,9,3,0,3
2021-11-15,海龟放量,1,5,0,4
2021-11-15,海龟放量,2,5,1,4
2021-11-15,海龟放量,3,5,1,3
2021-11-15,海龟放量,4,5,1,3
2021-11-15,海龟放量,5,5,1,3
2021-11-15,海龟放量,6,5,1,2
2021-11-15,海龟放量,7,5,1,3
2021-11-15,海龟放量,8,5,1,4
2021-11-15,海龟放量,9,5,1,4
2021-11-15,海龟均线,1,81,8,63
2021-11-15,海龟均线,2,81,13,65
2021-11-15,海龟均线,3,81,13,64
2021-11-15,海龟均线,4,81,15,63
2021-11-15,海龟均线,5,81,19,58
2021-11-15,海龟均线,6,81,18,58
2021-11-15,海龟均线,7,81,17,58
2021-11-15,海龟均线,8,81,19,59
2021-11-15,海龟均线,9,81,20,58
2021-11-15,海龟突破,1,11,0,10
2021-11-15,海龟突破,2,11,1,9
2021-11-15,海龟突破,3,11,1,8
2021-11-15,海龟突破,4,11,1,7
2021-11-15,海龟突破,5,11,2,8
2021-11-15,海龟突破,6,11,2,7
2021-11-15,海龟突破,7,11,1,8
2021-11-15,海龟突破,8,11,1,10
2021-11-15,海龟突破,9,11,1,10
2021-11-15,均线突破,1,4,0,3
2021-11-15,均线突破,2,4,1,3
2021-11-15,均线突破,3,4,1,2
2021-11-15,均线突破,4,4,1,2
2021-11-15,均线突破,5,4,1,2
2021-11-15,均线突破,6,4,1,1
2021-11-15,均线突破,7,4,1,2
2021-11-15,均线突破,8,4,1,3
2021-11-15,均线突破,9,4,1,3
2021-11-15,海龟均线突破,1,4,0,3
2021-11-15,海龟均线突破,2,4,1,3
2021-11-15,海龟均线突破,3,4,1,2
2021-11-15,海龟均线突破,4,4,1,2
2021-11-15,海龟均线突破,5,4,1,2
2021-11-15,海龟均线突破,6,4,1,1
2021-11-15,海龟均线突破,7,4,1,2
2021-11-15,海龟均线突破,8,4,1,3
2021-11-15,海龟均线突破,9,4,1,3
2021-11-16,海龟放量,1,8,0,6
2021-11-16,海龟放量,2,8,1,6
2021-11-16,海龟放量,3,8,2,6
2021-11-16,海龟放量,4,8,2,6
2021-11-16,海龟放量,5,8,2,6
2021-11-16,海龟放量,6,8,2,6
2021-11-16,海龟放量,7,8,2,6
2021-11-16,海龟放量,8,8,2,6
2021-11-16,海龟放量,9,8,1,7
2021-11-16,海龟均线,1,74,13,53
2021-11-16,海龟均线,2,74,14,58
2021-11-16,海龟均线,3,74,14,55
2021-11-16,海龟均线,4,74,17,51
2021-11-16,海龟均线,5,74,17,55
2021-11-16,海龟均线,6,74,16,55
2021-11-16,海龟均线,7,74,13,58
2021-11-16,海龟均线,8,74,15,57
2021-11-16,海龟均线,9,74,18,55
2021-11-16,海龟突破,1,11,0,10
2021-11-16,海龟突破,2,11,1,9
2021-11-16,海龟突破,3,11,1,9
2021-11-16,海龟突破,4,11,1,9
2021-11-16,海龟突破,5,11,1,9
2021-11-16,海龟突破,6,11,1,9
2021-11-16,海龟突破,7,11,1,9
2021-11-16,海龟突破,8,11,2,9
2021-11-16,海龟突破,9,11,1,9
2021-11-16,均线突破,1,4,0,2
2021-11-16,均线突破,2,4,1,3
2021-11-16,均线突破,3,4,1,3
2021-11-16,均线突破,4,4,1,3
2021-11-16,均线突破,5,4,2,2
2021-11-16,均线突破,6,4,2,2
2021-11-16,均线突破,7,4,2,2
2021-11-16,均线突破,8,4,2,2
2021-11-16,均线突破,9,4,2,2
2021-11-16,海龟均线突破,1,3,0,2
2021-11-16,海龟均线突破,2,3,1,2
2021-11-16,海龟均线突破,3,3,1,2
2021-11-16,海龟均线突破,4,3,1,2
2021-11-16,海龟均线突破,5,3,1,2
2021-11-16,海龟均线突破,6,3,1,2
2021-11-16,海龟均线突破,7,3,1,2
2021-11-16,海龟均线突破,8,3,1,2
2021-11-16,海龟均线突破,9,3,1,2
2021-11-17,海龟放量,1,3,0,2
2021-11-17,海龟放量,2,3,0,2
2021-11-17,海龟放量,3,3,0,3
2021-11-17,海龟放量,4,3,0,3
2021-11-17,海龟放量,5,3,0,3
2021-11-17,海龟放量,6,3,0,2
2021-11-17,海龟放量,7,3,0,3
2021-11-17,海龟放量,8,3,0,3
2021-11-17,海龟放量,9,3,0,2
2021-11-17,海龟均线,1,119,12,101
2021-11-17,海龟均线,2,119,18,97
2021-11-17,海龟均线,3,119,18,95
2021-11-17,海龟均线,4,119,15,94
2021-11-17,海龟均线,5,119,19,95
2021-11-17,海龟均线,6,119,19,95
2021-11-17,海龟均线,7,119,20,97
2021-11-17,海龟均线,8,119,22,97
2021-11-17,海龟均线,9,119,25,92
2021-11-17,海龟突破,1,3,1,1
2021-11-17,海龟突破,2,3,2,0
2021-11-17,海龟突破,3,3,3,0
2021-11-17,海龟突破,4,3,2,0
2021-11-17,海龟突破,5,3,2,1
2021-11-17,海龟突破,6,3,2,1
2021-11-17,海龟突破,7,3,2,1
2021-11-17,海龟突破,8,3,2,1
2021-11-17,海龟突破,9,3,2,1
2021-11-18,海龟放量,1,10,1,9
2021-11-18,海龟放量,2,10,2,8
2021-11-18,海龟放量,3,10,3,7
2021-11-18,海龟放量,4,10,2,7
2021-11-18,海龟放量,5,10,2,7
2021-11-18,海龟放量,6,10,2,8
2021-11-18,海龟放量,7,10,2,8
2021-11-18,海龟放量,8,10,3,7
2021-11-18,海龟放量,9,10,3,7
2021-11-18,海龟均线,1,61,7,50
2021-11-18,海龟均线,2,61,12,48
2021-11-18,海龟均线,3,61,11,49
2021-11-18,海龟均线,4,61,12,47
2021-11-18,海龟均线,5,61,13,46
2021-11-18,海龟均线,6,61,14,43
2021-11-18,海龟均线,7,61,16,44
2021-11-18,海龟均线,8,61,15,43
2021-11-18,海龟均线,9,61,14,44
2021-11-18,海龟突破,1,6,1,4
2021-11-18,海龟突破,2,6,2,4
2021-11-18,海龟突破,3,6,1,4
2021-11-18,海龟突破,4,6,1,5
2021-11-18,海龟突破,5,6,1,5
2021-11-18,海龟突破,6,6,1,5
2021-11-18,海龟突破,7,6,1,5
2021-11-18,海龟突破,8,6,1,4
2021-11-18,海龟突破,9,6,1,4
2021-11-18,均线突破,1,3,0,3
2021-11-18,均线突破,2,3,0,3
2021-11-18,均线突破,3,3,0,3
2021-11-18,均线突破,4,3,0,3
2021-11-18,均线突破,5,3,0,3
2021-11-18,均线突破,6,3,0,3
2021-11-18,均线突破,7,3,0,3
2021-11-18,均线突破,8,3,0,3
2021-11-18,均线突破,9,3,0,3
2021-11-18,海龟均线突破,1,2,0,2
2021-11-18,海龟均线突破,2,2,0,2
2021-11-18,海龟均线突破,3,2,0,2
2021-11-18,海龟均线突破,4,2,0,2
2021-11-18,海龟均线突破,5,2,0,2
2021-11-18,海龟均线突破,6,2,0,2
2021-11-18,海龟均线突破,7,2,0,2
2021-11-18,海龟均线突破,8,2,0,2
2021-11-18,海龟均线突破,9,2,0,2
2021-11-19,海龟放量,1,9,2,7
2021-11-19,海龟放量,2,9,2,7
2021-11-19,海龟放量,3,9,1,7
2021-11-19,海龟放量,4,9,1,7
2021-11-19,海龟放量,5,9,2,7
2021-11-19,海龟放量,6,9,2,7
2021-11-19,海龟放量,7,9,2,7
2021-11-19,海龟放量,8,9,2,7
2021-11-19,海龟放量,9,9,2,7
2021-11-19,海龟均线,1,91,12,72
2021-11-19,海龟均线,2,91,14,70
2021-11-19,海龟均线,3,91,14,71
2021-11-19,海龟均线,4,91,14,72
2021-11-19,海龟均线,5,91,14,68
2021-11-19,海龟均线,6,91,15,71
2021-11-19,海龟均线,7,91,15,68
2021-11-19,海龟均线,8,91,15,73
2021-11-19,海龟均线,9,91,16,71
2021-11-19,海龟突破,1,13,1,10
2021-11-19,海龟突破,2,13,1,10
2021-11-19,海龟突破,3,13,1,11
2021-11-19,海龟突破,4,13,0,11
2021-11-19,海龟突破,5,13,1,12
2021-11-19,海龟突破,6,13,1,12
2021-11-19,海龟突破,7,13,1,12
2021-11-19,海龟突破,8,13,2,11
2021-11-19,海龟突破,9,13,2,11
2021-11-19,均线突破,1,6,1,4
2021-11-19,均线突破,2,6,1,4
2021-11-19,均线突破,3,6,1,4
2021-11-19,均线突破,4,6,0,4
2021-11-19,均线突破,5,6,1,4
2021-11-19,均线突破,6,6,1,5
2021-11-19,均线突破,7,6,1,5
2021-11-19,均线突破,8,6,1,4
2021-11-19,均线突破,9,6,2,4
2021-11-19,海龟均线突破,1,5,1,4
2021-11-19,海龟均线突破,2,5,1,4
2021-11-19,海龟均线突破,3,5,1,4
2021-11-19,海龟均线突破,4,5,0,4
2021-11-19,海龟均线突破,5,5,1,4
2021-11-19,海龟均线突破,6,5,1,4
2021-11-19,海龟均线突破,7,5,1,4
2021-11-19,海龟均线突破,8,5,1,4
2021-11-19,海龟均线突破,9,5,1,4
2021-11-22,海龟放量,1,17,2,10
2021-11-22,海龟放量,2,17,3,10
2021-11-22,海龟放量,3,17,3,12
2021-11-22,海龟放量,4,17,3,12
2021-11-22,海龟放量,5,17,4,12
2021-11-22,海龟放量,6,17,4,12
2021-11-22,海龟放量,7,17,4,11
2021-11-22,海龟放量,8,17,5,10
2021-11-22,海龟放量,9,17,6,10
2021-11-22,海龟均线,1,132,17,103
2021-11-22,海龟均线,2,132,19,98
2021-11-22,海龟均线,3,132,18,105
2021-11-22,海龟均线,4,132,17,103
2021-11-22,海龟均线,5,132,25,98
2021-11-22,海龟均线,6,132,29,98
2021-11-22,海龟均线,7,132,27,97
2021-11-22,海龟均线,8,132,24,101
2021-11-22,海龟均线,9,132,22,105
2021-11-22,海龟突破,1,17,2,12
2021-11-22,海龟突破,2,17,2,12
2021-11-22,海龟突破,3,17,2,13
2021-11-22,海龟突破,4,17,2,12
2021-11-22,海龟突破,5,17,2,14
2021-11-22,海龟突破,6,17,2,14
2021-11-22,海龟突破,7,17,2,11
2021-11-22,海龟突破,8,17,4,10
2021-11-22,海龟突破,9,17,6,10
2021-11-22,均线突破,1,8,1,4
2021-11-22,均线突破,2,8,1,5
2021-11-22,均线突破,3,8,1,6
2021-11-22,均线突破,4,8,1,5
2021-11-22,均线突破,5,8,1,6
2021-11-22,均线突破,6,8,1,6
2021-11-22,均线突破,7,8,1,5
2021-11-22,均线突破,8,8,2,4
2021-11-22,均线突破,9,8,3,4
2021-11-22,海龟均线突破,1,7,1,3
2021-11-22,海龟均线突破,2,7,1,4
2021-11-22,海龟均线突破,3,7,1,5
2021-11-22,海龟均线突破,4,7,1,4
2021-11-22,海龟均线突破,5,7,1,5
2021-11-22,海龟均线突破,6,7,1,5
2021-11-22,海龟均线突破,7,7,1,4
2021-11-22,海龟均线突破,8,7,2,3
2021-11-22,海龟均线突破,9,7,3,3
2021-11-23,海龟放量,1,14,4,6
2021-11-23,海龟放量,2,14,5,6
2021-11-23,海龟放量,3,14,5,9
2021-11-23,海龟放量,4,14,4,9
2021-11-23,海龟放量,5,14,4,10
2021-11-23,海龟放量,6,14,4,8
2021-11-23,海龟放量,7,14,5,7
2021-11-23,海龟放量,8,14,6,7
2021-11-23,海龟放量,9,14,7,6
2021-11-23,海龟均线,1,127,18,95
2021-11-23,海龟均线,2,127,15,101
2021-11-23,海龟均线,3,127,17,102
2021-11-23,海龟均线,4,127,20,98
2021-11-23,海龟均线,5,127,23,97
2021-11-23,海龟均线,6,127,26,93
2021-11-23,海龟均线,7,127,25,97
2021-11-23,海龟均线,8,127,24,96
2021-11-23,海龟均线,9,127,20,101
2021-11-23,海龟突破,1,20,1,16
2021-11-23,海龟突破,2,20,2,15
2021-11-23,海龟突破,3,20,2,16
2021-11-23,海龟突破,4,20,2,17
2021-11-23,海龟突破,5,20,1,18
2021-11-23,海龟突破,6,20,1,17
2021-11-23,海龟突破,7,20,3,14
2021-11-23,海龟突破,8,20,4,13
2021-11-23,海龟突破,9,20,6,14
2021-11-23,均线突破,1,7,0,5
2021-11-23,均线突破,2,7,1,4
2021-11-23,均线突破,3,7,1,5
2021-11-23,均线突破,4,7,1,6
2021-11-23,均线突破,5,7,1,6
2021-11-23,均线突破,6,7,1,4
2021-11-23,均线突破,7,7,1,4
2021-11-23,均线突破,8,7,2,4
2021-11-23,均线突破,9,7,3,4
2021-11-23,海龟均线突破,1,6,0,5
2021-11-23,海龟均线突破,2,6,1,4
2021-11-23,海龟均线突破,3,6,1,5
2021-11-23,海龟均线突破,4,6,1,5
2021-11-23,海龟均线突破,5,6,1,5
2021-11-23,海龟均线突破,6,6,1,4
2021-11-23,海龟均线突破,7,6,1,4
2021-11-23,海龟均线突破,8,6,1,4
2021-11-23,海龟均线突破,9,6,2,4
2021-11-24,海龟放量,1,11,0,10
2021-11-24,海龟放量,2,11,1,8
2021-11-24,海龟放量,3,11,1,9
2021-11-24,海龟放量,4,11,1,10
2021-11-24,海龟放量,5,11,0,9
2021-11-24,海龟放量,6,11,2,9
2021-11-24,海龟放量,7,11,4,7
2021-11-24,海龟放量,8,11,1,7
2021-11-24,海龟放量,9,11,1,8
2021-11-24,海龟均线,1,113,9,95
2021-11-24,海龟均线,2,113,14,92
2021-11-24,海龟均线,3,113,16,93
2021-11-24,海龟均线,4,113,21,89
2021-11-24,海龟均线,5,113,20,81
2021-11-24,海龟均线,6,113,19,91
2021-11-24,海龟均线,7,113,19,90
2021-11-24,海龟均线,8,113,16,92
2021-11-24,海龟均线,9,113,12,95
2021-11-24,海龟突破,1,9,1,6
2021-11-24,海龟突破,2,9,2,7
2021-11-24,海龟突破,3,9,2,7
2021-11-24,海龟突破,4,9,1,7
2021-11-24,海龟突破,5,9,1,6
2021-11-24,海龟突破,6,9,3,5
2021-11-24,海龟突破,7,9,3,5
2021-11-24,海龟突破,8,9,3,5
2021-11-24,海龟突破,9,9,2,6
2021-11-24,均线突破,1,1,0,1
2021-11-24,均线突破,2,1,0,1
2021-11-24,均线突破,3,1,0,1
2021-11-24,均线突破,4,1,0,1
2021-11-24,均线突破,5,1,0,1
2021-11-24,均线突破,6,1,0,1
2021-11-24,均线突破,7,1,0,1
2021-11-24,均线突破,8,1,0,1
2021-11-24,均线突破,9,1,0,1
2021-11-24,海龟均线突破,1,1,0,1
2021-11-24,海龟均线突破,2,1,0,1
2021-11-24,海龟均线突破,3,1,0,1
2021-11-24,海龟均线突破,4,1,0,1
2021-11-24,海龟均线突破,5,1,0,1
2021-11-24,海龟均线突破,6,1,0,1
2021-11-24,海龟均线突破,7,1,0,1
2021-11-24,海龟均线突破,8,1,0,1
2021-11-24,海龟均线突破,9,1,0,1
2021-11-25,海龟放量,1,5,0,5
2021-11-25,海龟放量,2,5,0,5
2021-11-25,海龟放量,3,5,0,5
2021-11-25,海龟放量,4,5,1,2
2021-11-25,海龟放量,5,5,1,4
2021-11-25,海龟放量,6,5,2,3
2021-11-25,海龟放量,7,5,1,2
2021-11-25,海龟放量,8,5,2,2
2021-11-25,海龟放量,9,5,2,1
2021-11-25,海龟均线,1,97,13,76
2021-11-25,海龟均线,2,97,13,76
2021-11-25,海龟均线,3,97,15,76
2021-11-25,海龟均线,4,97,19,71
2021-11-25,海龟均线,5,97,15,75
2021-11-25,海龟均线,6,97,13,74
2021-11-25,海龟均线,7,97,11,80
2021-11-25,海龟均线,8,97,8,86
2021-11-25,海龟均线,9,97,11,83
2021-11-25,海龟突破,1,9,0,9
2021-11-25,海龟突破,2,9,0,9
2021-11-25,海龟突破,3,9,0,9
2021-11-25,海龟突破,4,9,0,7
2021-11-25,海龟突破,5,9,1,7
2021-11-25,海龟突破,6,9,1,7
2021-11-25,海龟突破,7,9,2,6
2021-11-25,海龟突破,8,9,3,5
2021-11-25,海龟突破,9,9,3,5
2021-11-25,均线突破,1,3,0,3
2021-11-25,均线突破,2,3,0,3
2021-11-25,均线突破,3,3,0,3
2021-11-25,均线突破,4,3,0,2
2021-11-25,均线突破,5,3,0,3
2021-11-25,均线突破,6,3,0,3
2021-11-25,均线突破,7,3,0,2
2021-11-25,均线突破,8,3,1,1
2021-11-25,均线突破,9,3,1,1
2021-11-25,海龟均线突破,1,3,0,3
2021-11-25,海龟均线突破,2,3,0,3
2021-11-25,海龟均线突破,3,3,0,3
2021-11-25,海龟均线突破,4,3,0,2
2021-11-25,海龟均线突破,5,3,0,3
2021-11-25,海龟均线突破,6,3,0,3
2021-11-25,海龟均线突破,7,3,0,2
2021-11-25,海龟均线突破,8,3,1,1
2021-11-25,海龟均线突破,9,3,1,1
2021-11-26,海龟放量,1,1,0,1
2021-11-26,海龟放量,2,1,0,1
2021-11-26,海龟放量,3,1,0,1
2021-11-26,海龟放量,4,1,0,1
2021-11-26,海龟放量,5,1,0,1
2021-11-26,海龟放量,6,1,0,1
2021-11-26,海龟放量,7,1,0,1
2021-11-26,海龟放量,8,1,0,1
2021-11-26,海龟放量,9,1,0,1
2021-11-26,海龟均线,1,101,22,71
2021-11-26,海龟均线,2,101,17,75
2021-11-26,海龟均线,3,101,25,72
2021-11-26,海龟均线,4,101,19,75
2021-11-26,海龟均线,5,101,19,77
2021-11-26,海龟均线,6,101,16,80
2021-11-26,海龟均线,7,101,12,82
2021-11-26,海龟均线,8,101,17,80
2021-11-26,海龟均线,9,101,15,82
2021-11-26,海龟突破,1,4,0,4
2021-11-26,海龟突破,2,4,0,4
2021-11-26,海龟突破,3,4,0,3
2021-11-26,海龟突破,4,4,1,2
2021-11-26,海龟突破,5,4,1,2
2021-11-26,海龟突破,6,4,2,2
2021-11-26,海龟突破,7,4,2,2
2021-11-26,海龟突破,8,4,2,2
2021-11-26,海龟突破,9,4,2,2
2021-11-26,均线突破,1,1,0,1
2021-11-26,均线突破,2,1,0,1
2021-11-26,均线突破,3,1,0,1
2021-11-26,均线突破,4,1,0,1
2021-11-26,均线突破,5,1,0,1
2021-11-26,均线突破,6,1,0,1
2021-11-26,均线突破,7,1,0,1
2021-11-26,均线突破,8,1,0,1
2021-11-26,均线突破,9,1,0,1
2021-11-26,海龟均线突破,1,1,0,1
2021-11-26,海龟均线突破,2,1,0,1
2021-11-26,海龟均线突破,3,1,0,1
2021-11-26,海龟均线突破,4,1,0,1
2021-11-26,海龟均线突破,5,1,0,1
2021-11-26,海龟均线突破,6,1,0,1
2021-11-26,海龟均线突破,7,1,0,1
2021-11-26,海龟均线突破,8,1,0,1
2021-11-26,海龟均线突破,9,1,0,1
2021-12-13,海龟放量,1,11,2,8
2021-12-13,海龟放量,2,11,1,10
2021-12-13,海龟放量,3,11,1,10
2021-12-13,海龟放量,4,11,0,9
2021-12-13,海龟放量,5,11,0,11
2021-12-13,海龟放量,6,11,0,11
2021-12-13,海龟放量,7,11,0,11
2021-12-13,海龟放量,8,11,2,6
2021-12-13,海龟放量,9,11,1,8
2021-12-13,海龟均线,1,46,9,33
2021-12-13,海龟均线,2,46,12,32
2021-12-13,海龟均线,3,46,11,29
2021-12-13,海龟均线,4,46,9,36
2021-12-13,海龟均线,5,46,7,35
2021-12-13,海龟均线,6,46,9,36
2021-12-13,海龟均线,7,46,9,37
2021-12-13,海龟均线,8,46,7,37
2021-12-13,海龟均线,9,46,6,40
2021-12-13,海龟突破,1,17,1,16
2021-12-13,海龟突破,2,17,1,15
2021-12-13,海龟突破,3,17,3,12
2021-12-13,海龟突破,4,17,3,12
2021-12-13,海龟突破,5,17,2,14
2021-12-13,海龟突破,6,17,2,13
2021-12-13,海龟突破,7,17,3,13
2021-12-13,海龟突破,8,17,4,11
2021-12-13,海龟突破,9,17,3,12
2021-12-13,均线突破,1,2,0,2
2021-12-13,均线突破,2,2,0,2
2021-12-13,均线突破,3,2,0,2
2021-12-13,均线突破,4,2,0,2
2021-12-13,均线突破,5,2,0,2
2021-12-13,均线突破,6,2,0,2
2021-12-13,均线突破,7,2,0,2
2021-12-13,均线突破,8,2,0,1
2021-12-13,均线突破,9,2,0,1
2021-12-13,海龟均线突破,1,2,0,2
2021-12-13,海龟均线突破,2,2,0,2
2021-12-13,海龟均线突破,3,2,0,2
2021-12-13,海龟均线突破,4,2,0,2
2021-12-13,海龟均线突破,5,2,0,2
2021-12-13,海龟均线突破,6,2,0,2
2021-12-13,海龟均线突破,7,2,0,2
2021-12-13,海龟均线突破,8,2,0,1
2021-12-13,海龟均线突破,9,2,0,1
2021-12-14,海龟放量,1,2,0,2
2021-12-14,海龟放量,2,2,0,2
2021-12-14,海龟放量,3,2,0,2
2021-12-14,海龟放量,4,2,0,2
2021-12-14,海龟放量,5,2,0,2
2021-12-14,海龟放量,6,2,0,2
2021-12-14,海龟放量,7,2,0,2
2021-12-14,海龟放量,8,2,0,2
2021-12-14,海龟放量,9,2,0,2
2021-12-14,海龟均线,1,47,9,36
2021-12-14,海龟均线,2,47,10,34
2021-12-14,海龟均线,3,47,8,38
2021-12-14,海龟均线,4,47,6,38
2021-12-14,海龟均线,5,47,9,37
2021-12-14,海龟均线,6,47,9,36
2021-12-14,海龟均线,7,47,7,37
2021-12-14,海龟均线,8,47,7,39
2021-12-14,海龟均线,9,47,6,40
2021-12-14,海龟突破,1,4,1,3
2021-12-14,海龟突破,2,4,1,3
2021-12-14,海龟突破,3,4,1,3
2021-12-14,海龟突破,4,4,0,3
2021-12-14,海龟突破,5,4,1,3
2021-12-14,海龟突破,6,4,1,3
2021-12-14,海龟突破,7,4,1,3
2021-12-14,海龟突破,8,4,1,3
2021-12-14,海龟突破,9,4,1,3
2021-12-14,均线突破,1,1,0,1
2021-12-14,均线突破,2,1,0,1
2021-12-14,均线突破,3,1,0,1
2021-12-14,均线突破,4,1,0,1
2021-12-14,均线突破,5,1,0,1
2021-12-14,均线突破,6,1,0,1
2021-12-14,均线突破,7,1,0,1
2021-12-14,均线突破,8,1,0,1
2021-12-14,均线突破,9,1,0,1
2021-12-14,海龟均线突破,1,1,0,1
2021-12-14,海龟均线突破,2,1,0,1
2021-12-14,海龟均线突破,3,1,0,1
2021-12-14,海龟均线突破,4,1,0,1
2021-12-14,海龟均线突破,5,1,0,1
2021-12-14,海龟均线突破,6,1,0,1
2021-12-14,海龟均线突破,7,1,0,1
2021-12-14,海龟均线突破,8,1,0,1
2021-12-14,海龟均线突破,9,1,0,1
2021-12-15,海龟放量,1,3,0,2
2021-12-15,海龟放量,2,3,0,2
2021-12-15,海龟放量,3,3,0,3
2021-12-15,海龟放量,4,3,0,3
2021-12-15,海龟放量,5,3,0,3
2021-12-15,海龟放量,6,3,0,3
2021-12-15,海龟放量,7,3,0,3
2021-12-15,海龟放量,8,3,0,3
2021-12-15,海龟放量,9,3,0,3
2021-12-15,海龟均线,1,51,7,40
2021-12-15,海龟均线,2,51,8,41
2021-12-15,海龟均线,3,51,9,42
2021-12-15,海龟均线,4,51,6,42
2021-12-15,海龟均线,5,51,6,42
2021-12-15,海龟均线,6,51,12,38
2021-12-15,海龟均线,7,51,9,40
2021-12-15,海龟均线,8,51,11,39
2021-12-15,海龟均线,9,51,6,42
2021-12-15,海龟突破,1,4,1,1
2021-12-15,海龟突破,2,4,1,2
2021-12-15,海龟突破,3,4,0,4
2021-12-15,海龟突破,4,4,0,4
2021-12-15,海龟突破,5,4,0,4
2021-12-15,海龟突破,6,4,1,3
2021-12-15,海龟突破,7,4,0,3
2021-12-15,海龟突破,8,4,0,4
2021-12-15,海龟突破,9,4,0,4
2021-12-15,均线突破,1,1,0,0
2021-12-15,均线突破,2,1,0,1
2021-12-15,均线突破,3,1,0,1
2021-12-15,均线突破,4,1,0,1
2021-12-15,均线突破,5,1,0,1
2021-12-15,均线突破,6,1,0,1
2021-12-15,均线突破,7,1,0,1
2021-12-15,均线突破,8,1,0,1
2021-12-15,均线突破,9,1,0,1
2021-12-15,海龟均线突破,1,1,0,0
2021-12-15,海龟均线突破,2,1,0,1
2021-12-15,海龟均线突破,3,1,0,1
2021-12-15,海龟均线突破,4,1,0,1
2021-12-15,海龟均线突破,5,1,0,1
2021-12-15,海龟均线突破,6,1,0,1
2021-12-15,海龟均线突破,7,1,0,1
2021-12-15,海龟均线突破,8,1,0,1
2021-12-15,海龟均线突破,9,1,0,1
2021-12-16,海龟放量,1,7,0,4
2021-12-16,海龟放量,2,7,0,6
2021-12-16,海龟放量,3,7,0,5
2021-12-16,海龟放量,4,7,0,7
2021-12-16,海龟放量,5,7,1,6
2021-12-16,海龟放量,6,7,1,5
2021-12-16,海龟放量,7,7,1,6
2021-12-16,海龟放量,8,7,0,5
2021-12-16,海龟放量,9,7,0,7
2021-12-16,海龟均线,1,57,7,47
2021-12-16,海龟均线,2,57,6,49
2021-12-16,海龟均线,3,57,8,47
2021-12-16,海龟均线,4,57,9,48
2021-12-16,海龟均线,5,57,8,47
2021-12-16,海龟均线,6,57,7,48
2021-12-16,海龟均线,7,57,4,51
2021-12-16,海龟均线,8,57,4,50
2021-12-16,海龟均线,9,57,4,52
2021-12-16,海龟突破,1,11,1,6
2021-12-16,海龟突破,2,11,1,10
2021-12-16,海龟突破,3,11,1,10
2021-12-16,海龟突破,4,11,1,10
2021-12-16,海龟突破,5,11,3,7
2021-12-16,海龟突破,6,11,2,7
2021-12-16,海龟突破,7,11,2,9
2021-12-16,海龟突破,8,11,2,8
2021-12-16,海龟突破,9,11,1,9
2021-12-16,均线突破,1,3,0,2
2021-12-16,均线突破,2,3,0,3
2021-12-16,均线突破,3,3,0,3
2021-12-16,均线突破,4,3,0,3
2021-12-16,均线突破,5,3,0,3
2021-12-16,均线突破,6,3,0,2
2021-12-16,均线突破,7,3,0,3
2021-12-16,均线突破,8,3,0,2
2021-12-16,均线突破,9,3,0,3
2021-12-16,海龟均线突破,1,3,0,2
2021-12-16,海龟均线突破,2,3,0,3
2021-12-16,海龟均线突破,3,3,0,3
2021-12-16,海龟均线突破,4,3,0,3
2021-12-16,海龟均线突破,5,3,0,3
2021-12-16,海龟均线突破,6,3,0,2
2021-12-16,海龟均线突破,7,3,0,3
2021-12-16,海龟均线突破,8,3,0,2
2021-12-16,海龟均线突破,9,3,0,3
2021-12-17,海龟放量,1,3,0,2
2021-12-17,海龟放量,2,3,0,2
2021-12-17,海龟放量,3,3,0,3
2021-12-17,海龟放量,4,3,0,2
2021-12-17,海龟放量,5,3,0,3
2021-12-17,海龟放量,6,3,0,2
2021-12-17,海龟放量,7,3,0,2
2021-12-17,海龟放量,8,3,0,3
2021-12-17,海龟放量,9,3,0,3
2021-12-17,海龟均线,1,57,10,46
2021-12-17,海龟均线,2,57,13,44
2021-12-17,海龟均线,3,57,10,45
2021-12-17,海龟均线,4,57,9,45
2021-12-17,海龟均线,5,57,6,50
2021-12-17,海龟均线,6,57,6,49
2021-12-17,海龟均线,7,57,6,51
2021-12-17,海龟均线,8,57,4,52
2021-12-17,海龟均线,9,57,5,51
2021-12-17,海龟突破,1,8,1,6
2021-12-17,海龟突破,2,8,1,6
2021-12-17,海龟突破,3,8,1,7
2021-12-17,海龟突破,4,8,1,6
2021-12-17,海龟突破,5,8,1,6
2021-12-17,海龟突破,6,8,1,6
2021-12-17,海龟突破,7,8,1,5
2021-12-17,海龟突破,8,8,0,7
2021-12-17,海龟突破,9,8,1,7
2021-12-17,均线突破,1,1,0,0
2021-12-17,均线突破,2,1,0,0
2021-12-17,均线突破,3,1,0,1
2021-12-17,均线突破,4,1,0,0
2021-12-17,均线突破,5,1,0,1
2021-12-17,均线突破,6,1,0,0
2021-12-17,均线突破,7,1,0,0
2021-12-17,均线突破,8,1,0,1
2021-12-17,均线突破,9,1,0,1
2021-12-17,海龟均线突破,1,1,0,0
2021-12-17,海龟均线突破,2,1,0,0
2021-12-17,海龟均线突破,3,1,0,1
2021-12-17,海龟均线突破,4,1,0,0
2021-12-17,海龟均线突破,5,1,0,1
2021-12-17,海龟均线突破,6,1,0,0
2021-12-17,海龟均线突破,7,1,0,0
2021-12-17,海龟均线突破,8,1,0,1
2021-12-17,海龟均线突破,9,1,0,1
2021-12-20,海龟放量,1,3,0,3
2021-12-20,海龟放量,2,3,1,2
2021-12-20,海龟放量,3,3,1,2
2021-12-20,海龟放量,4,3,1,2
2021-12-20,海龟放量,5,3,1,2
2021-12-20,海龟放量,6,3,1,2
2021-12-20,海龟放量,7,3,1,2
2021-12-20,海龟放量,8,3,1,2
2021-12-20,海龟放量,9,3,1,2
2021-12-20,海龟均线,1,58,9,44
2021-12-20,海龟均线,2,58,8,47
2021-12-20,海龟均线,3,58,8,49
2021-12-20,海龟均线,4,58,6,50
2021-12-20,海龟均线,5,58,7,51
2021-12-20,海龟均线,6,58,5,51
2021-12-20,海龟均线,7,58,3,54
2021-12-20,海龟均线,8,58,5,51
2021-12-20,海龟均线,9,58,6,51
2021-12-20,海龟突破,1,5,1,2
2021-12-20,海龟突破,2,5,0,3
2021-12-20,海龟突破,3,5,0,3
2021-12-20,海龟突破,4,5,0,5
2021-12-20,海龟突破,5,5,0,3
2021-12-20,海龟突破,6,5,0,4
2021-12-20,海龟突破,7,5,0,5
2021-12-20,海龟突破,8,5,0,5
2021-12-20,海龟突破,9,5,0,4
2021-12-20,均线突破,1,2,0,2
2021-12-20,均线突破,2,2,0,2
2021-12-20,均线突破,3,2,0,2
2021-12-20,均线突破,4,2,0,2
2021-12-20,均线突破,5,2,0,2
2021-12-20,均线突破,6,2,0,2
2021-12-20,均线突破,7,2,0,2
2021-12-20,均线突破,8,2,0,2
2021-12-20,均线突破,9,2,0,2
2021-12-20,海龟均线突破,1,2,0,2
2021-12-20,海龟均线突破,2,2,0,2
2021-12-20,海龟均线突破,3,2,0,2
2021-12-20,海龟均线突破,4,2,0,2
2021-12-20,海龟均线突破,5,2,0,2
2021-12-20,海龟均线突破,6,2,0,2
2021-12-20,海龟均线突破,7,2,0,2
2021-12-20,海龟均线突破,8,2,0,2
2021-12-20,海龟均线突破,9,2,0,2
2021-12-21,海龟放量,1,8,0,6
2021-12-21,海龟放量,2,8,0,7
2021-12-21,海龟放量,3,8,1,6
2021-12-21,海龟放量,4,8,0,6
2021-12-21,海龟放量,5,8,0,7
2021-12-21,海龟放量,6,8,1,7
2021-12-21,海龟放量,7,8,0,7
2021-12-21,海龟放量,8,8,1,7
2021-12-21,海龟放量,9,8,1,7
2021-12-21,海龟均线,1,60,8,47
2021-12-21,海龟均线,2,60,9,50
2021-12-21,海龟均线,3,60,7,48
2021-12-21,海龟均线,4,60,10,50
2021-12-21,海龟均线,5,60,7,51
2021-12-21,海龟均线,6,60,4,53
2021-12-21,海龟均线,7,60,8,52
2021-12-21,海龟均线,8,60,8,50
2021-12-21,海龟均线,9,60,7,50
2021-12-21,海龟突破,1,8,0,7
2021-12-21,海龟突破,2,8,0,6
2021-12-21,海龟突破,3,8,0,7
2021-12-21,海龟突破,4,8,0,6
2021-12-21,海龟突破,5,8,0,8
2021-12-21,海龟突破,6,8,0,8
2021-12-21,海龟突破,7,8,0,8
2021-12-21,海龟突破,8,8,0,8
2021-12-21,海龟突破,9,8,0,7
2021-12-21,均线突破,1,3,0,3
2021-12-21,均线突破,2,3,0,3
2021-12-21,均线突破,3,3,0,3
2021-12-21,均线突破,4,3,0,3
2021-12-21,均线突破,5,3,0,3
2021-12-21,均线突破,6,3,0,3
2021-12-21,均线突破,7,3,0,3
2021-12-21,均线突破,8,3,0,3
2021-12-21,均线突破,9,3,0,3
2021-12-21,海龟均线突破,1,2,0,2
2021-12-21,海龟均线突破,2,2,0,2
2021-12-21,海龟均线突破,3,2,0,2
2021-12-21,海龟均线突破,4,2,0,2
2021-12-21,海龟均线突破,5,2,0,2
2021-12-21,海龟均线突破,6,2,0,2
2021-12-21,海龟均线突破,7,2,0,2
2021-12-21,海龟均线突破,8,2,0,2
2021-12-21,海龟均线突破,9,2,0,2
2021-12-22,海龟放量,1,10,0,7
2021-12-22,海龟放量,2,10,1,8
2021-12-22,海龟放量,3,10,1,9
2021-12-22,海龟放量,4,10,1,9
2021-12-22,海龟放量,5,10,1,9
2021-12-22,海龟放量,6,10,1,9
2021-12-22,海龟放量,7,10,1,9
2021-12-22,海龟放量,8,10,1,9
2021-12-22,海龟放量,9,10,1,9
2021-12-22,海龟均线,1,70,8,57
2021-12-22,海龟均线,2,70,12,57
2021-12-22,海龟均线,3,70,11,56
2021-12-22,海龟均线,4,70,9,59
2021-12-22,海龟均线,5,70,8,61
2021-12-22,海龟均线,6,70,9,61
2021-12-22,海龟均线,7,70,10,59
2021-12-22,海龟均线,8,70,8,58
2021-12-22,海龟均线,9,70,10,57
2021-12-22,海龟突破,1,6,0,5
2021-12-22,海龟突破,2,6,0,5
2021-12-22,海龟突破,3,6,0,5
2021-12-22,海龟突破,4,6,0,6
2021-12-22,海龟突破,5,6,0,6
2021-12-22,海龟突破,6,6,0,6
2021-12-22,海龟突破,7,6,0,6
2021-12-22,海龟突破,8,6,0,5
2021-12-22,海龟突破,9,6,1,5
2021-12-22,均线突破,1,6,0,6
2021-12-22,均线突破,2,6,0,5
2021-12-22,均线突破,3,6,0,6
2021-12-22,均线突破,4,6,0,4
2021-12-22,均线突破,5,6,0,5
2021-12-22,均线突破,6,6,0,5
2021-12-22,均线突破,7,6,1,5
2021-12-22,均线突破,8,6,1,5
2021-12-22,均线突破,9,6,1,5
2021-12-22,海龟均线突破,1,4,0,4
2021-12-22,海龟均线突破,2,4,0,4
2021-12-22,海龟均线突破,3,4,0,4
2021-12-22,海龟均线突破,4,4,0,4
2021-12-22,海龟均线突破,5,4,0,4
2021-12-22,海龟均线突破,6,4,0,4
2021-12-22,海龟均线突破,7,4,0,4
2021-12-22,海龟均线突破,8,4,0,4
2021-12-22,海龟均线突破,9,4,0,4
2022-01-01,海龟放量,1,11,0,11
2022-01-01,海龟放量,2,11,0,11
2022-01-01,海龟放量,3,11,0,11
2022-01-01,海龟放量,4,11,0,11
2022-01-01,海龟放量,5,11,0,11
2022-01-01,海龟放量,6,11,0,11
2022-01-01,海龟放量,7,11,0,11
2022-01-01,海龟放量,8,11,0,11
2022-01-01,海龟放量,9,11,0,11
2022-01-01,海龟均线,1,60,0,60
2022-01-01,海龟均线,2,60,0,60
2022-01-01,海龟均线,3,60,0,60
2022-01-01,海龟均线,4,60,0,60
2022-01-01,海龟均线,5,60,0,60
2022-01-01,海龟均线,6,60,0,60
2022-01-01,海龟均线,7,60,0,60
2022-01-01,海龟均线,8,60,0,60
2022-01-01,海龟均线,9,60,0,60
2022-01-01,海龟突破,1,18,0,18
2022-01-01,海龟突破,2,18,0,18
2022-01-01,海龟突破,3,18,0,18
2022-01-01,海龟突破,4,18,0,18
2022-01-01,海龟突破,5,18,0,18
2022-01-01,海龟突破,6,18,0,18
2022-01-01,海龟突破,7,18,0,18
2022-01-01,海龟突破,8,18,0,18
2022-01-01,海龟突破,9,18,0,18
2022-01-01,均线突破,1,6,0,6
2022-01-01,均线突破,2,6,0,6
2022-01-01,均线突破,3,6,0,6
2022-01-01,均线突破,4,6,0,6
2022-01-01,均线突破,5,6,0,6
2022-01-01,均线突破,6,6,0,6
2022-01-01,均线突破,7,6,0,6
2022-01-01,均线突破,8,6,0,6
2022-01-01,均线突破,9,6,0,6
2022-01-01,海龟均线突破,1,5,0,5
2022-01-01,海龟均线突破,2,5,0,5
2022-01-01,海龟均线突破,3,5,0,5
2022-01-01,海龟均线突破,4,5,0,5
2022-01-01,海龟均线突破,5,5,0,5
2022-01-01,海龟均线突破,6,5,0,5
2022-01-01,海龟均线突破,7,5,0,5
2022-01-01,海龟均线突破,8,5,0,5
2022-01-01,海龟均线突破,9,5,0,5
2023-02-20,海龟放量,1,41,7,25
2023-02-20,海龟放量,2,41,7,25
2023-02-20,海龟放量,3,41,6,27
2023-02-20,海龟放量,4,41,6,30
2023-02-20,海龟放量,5,41,7,31
2023-02-20,海龟放量,6,41,8,30
2023-02-20,海龟放量,7,41,8,30
2023-02-20,海龟放量,8,41,6,30
2023-02-20,海龟放量,9,41,9,30
2023-02-20,海龟均线,1,33,3,20
2023-02-20,海龟均线,2,33,5,24
2023-02-20,海龟均线,3,33,3,26
2023-02-20,海龟均线,4,33,6,25
2023-02-20,海龟均线,5,33,3,28
2023-02-20,海龟均线,6,33,5,27
2023-02-20,海龟均线,7,33,4,25
2023-02-20,海龟均线,8,33,4,26
2023-02-20,海龟均线,9,33,4,25
2023-02-20,海龟突破,1,28,3,20
2023-02-20,海龟突破,2,28,4,18
2023-02-20,海龟突破,3,28,4,19
2023-02-20,海龟突破,4,28,4,19
2023-02-20,海龟突破,5,28,3,19
2023-02-20,海龟突破,6,28,4,19
2023-02-20,海龟突破,7,28,4,19
2023-02-20,海龟突破,8,28,2,23
2023-02-20,海龟突破,9,28,4,21
2023-02-20,均线突破,1,16,3,11
2023-02-20,均线突破,2,16,2,11
2023-02-20,均线突破,3,16,2,12
2023-02-20,均线突破,4,16,2,11
2023-02-20,均线突破,5,16,2,11
2023-02-20,均线突破,6,16,3,11
2023-02-20,均线突破,7,16,3,11
2023-02-20,均线突破,8,16,0,12
2023-02-20,均线突破,9,16,2,12
2023-02-20,海龟均线突破,1,11,2,7
2023-02-20,海龟均线突破,2,11,1,7
2023-02-20,海龟均线突破,3,11,1,8
2023-02-20,海龟均线突破,4,11,1,7
2023-02-20,海龟均线突破,5,11,1,7
2023-02-20,海龟均线突破,6,11,2,7
2023-02-20,海龟均线突破,7,11,2,7
2023-02-20,海龟均线突破,8,11,0,8
2023-02-20,海龟均线突破,9,11,1,8
2023-02-21,海龟放量,1,28,1,19
2023-02-21,海龟放量,2,28,1,24
2023-02-21,海龟放量,3,28,1,25
2023-02-21,海龟放量,4,28,1,25
2023-02-21,海龟放量,5,28,2,23
2023-02-21,海龟放量,6,28,3,23
2023-02-21,海龟放量,7,28,1,22
2023-02-21,海龟放量,8,28,1,22
2023-02-21,海龟放量,9,28,1,23
2023-02-21,海龟均线,1,36,8,19
2023-02-21,海龟均线,2,36,5,26
2023-02-21,海龟均线,3,36,5,26
2023-02-21,海龟均线,4,36,4,31
2023-02-21,海龟均线,5,36,5,28
2023-02-21,海龟均线,6,36,4,30
2023-02-21,海龟均线,7,36,4,30
2023-02-21,海龟均线,8,36,4,28
2023-02-21,海龟均线,9,36,6,28
2023-02-21,海龟突破,1,17,2,9
2023-02-21,海龟突破,2,17,1,11
2023-02-21,海龟突破,3,17,1,13
2023-02-21,海龟突破,4,17,0,14
2023-02-21,海龟突破,5,17,1,13
2023-02-21,海龟突破,6,17,2,12
2023-02-21,海龟突破,7,17,3,12
2023-02-21,海龟突破,8,17,3,11
2023-02-21,海龟突破,9,17,3,10
2023-02-21,均线突破,1,1,0,1
2023-02-21,均线突破,2,1,0,1
2023-02-21,均线突破,3,1,0,1
2023-02-21,均线突破,4,1,0,1
2023-02-21,均线突破,5,1,0,1
2023-02-21,均线突破,6,1,0,1
2023-02-21,均线突破,7,1,0,1
2023-02-21,均线突破,8,1,0,1
2023-02-21,均线突破,9,1,0,1
2023-02-21,海龟均线突破,1,1,0,1
2023-02-21,海龟均线突破,2,1,0,1
2023-02-21,海龟均线突破,3,1,0,1
2023-02-21,海龟均线突破,4,1,0,1
2023-02-21,海龟均线突破,5,1,0,1
2023-02-21,海龟均线突破,6,1,0,1
2023-02-21,海龟均线突破,7,1,0,1
2023-02-21,海龟均线突破,8,1,0,1
2023-02-21,海龟均线突破,9,1,0,1
2023-02-22,海龟放量,1,11,3,8
2023-02-22,海龟放量,2,11,2,8
2023-02-22,海龟放量,3,11,3,8
2023-02-22,海龟放量,4,11,3,8
2023-02-22,海龟放量,5,11,2,8
2023-02-22,海龟放量,6,11,2,9
2023-02-22,海龟放量,7,11,2,9
2023-02-22,海龟放量,8,11,2,9
2023-02-22,海龟放量,9,11,1,9
2023-02-22,海龟均线,1,44,3,32
2023-02-22,海龟均线,2,44,7,34
2023-02-22,海龟均线,3,44,5,33
2023-02-22,海龟均线,4,44,5,34
2023-02-22,海龟均线,5,44,8,34
2023-02-22,海龟均线,6,44,7,34
2023-02-22,海龟均线,7,44,6,34
2023-02-22,海龟均线,8,44,7,34
2023-02-22,海龟均线,9,44,6,38
2023-02-22,海龟突破,1,38,3,28
2023-02-22,海龟突破,2,38,3,29
2023-02-22,海龟突破,3,38,2,31
2023-02-22,海龟突破,4,38,5,32
2023-02-22,海龟突破,5,38,7,29
2023-02-22,海龟突破,6,38,7,28
2023-02-22,海龟突破,7,38,7,29
2023-02-22,海龟突破,8,38,8,28
2023-02-22,海龟突破,9,38,4,31
2023-02-22,均线突破,1,2,1,1
2023-02-22,均线突破,2,2,0,1
2023-02-22,均线突破,3,2,1,1
2023-02-22,均线突破,4,2,1,1
2023-02-22,均线突破,5,2,1,1
2023-02-22,均线突破,6,2,1,1
2023-02-22,均线突破,7,2,1,1
2023-02-22,均线突破,8,2,1,1
2023-02-22,均线突破,9,2,0,1
2023-02-22,海龟均线突破,1,2,1,1
2023-02-22,海龟均线突破,2,2,0,1
2023-02-22,海龟均线突破,3,2,1,1
2023-02-22,海龟均线突破,4,2,1,1
2023-02-22,海龟均线突破,5,2,1,1
2023-02-22,海龟均线突破,6,2,1,1
2023-02-22,海龟均线突破,7,2,1,1
2023-02-22,海龟均线突破,8,2,1,1
2023-02-22,海龟均线突破,9,2,0,1
2023-02-23,海龟放量,1,11,1,8
2023-02-23,海龟放量,2,11,1,8
2023-02-23,海龟放量,3,11,2,7
2023-02-23,海龟放量,4,11,2,6
2023-02-23,海龟放量,5,11,3,6
2023-02-23,海龟放量,6,11,2,6
2023-02-23,海龟放量,7,11,3,7
2023-02-23,海龟放量,8,11,3,8
2023-02-23,海龟放量,9,11,2,7
2023-02-23,海龟均线,1,28,7,19
2023-02-23,海龟均线,2,28,3,20
2023-02-23,海龟均线,3,28,4,21
2023-02-23,海龟均线,4,28,7,18
2023-02-23,海龟均线,5,28,7,21
2023-02-23,海龟均线,6,28,6,19
2023-02-23,海龟均线,7,28,5,21
2023-02-23,海龟均线,8,28,5,22
2023-02-23,海龟均线,9,28,5,22
2023-02-23,海龟突破,1,29,2,24
2023-02-23,海龟突破,2,29,1,24
2023-02-23,海龟突破,3,29,2,24
2023-02-23,海龟突破,4,29,3,23
2023-02-23,海龟突破,5,29,4,22
2023-02-23,海龟突破,6,29,4,20
2023-02-23,海龟突破,7,29,4,22
2023-02-23,海龟突破,8,29,3,24
2023-02-23,海龟突破,9,29,2,25
2023-02-23,均线突破,1,1,0,1
2023-02-23,均线突破,2,1,0,1
2023-02-23,均线突破,3,1,0,1
2023-02-23,均线突破,4,1,0,1
2023-02-23,均线突破,5,1,0,1
2023-02-23,均线突破,6,1,0,1
2023-02-23,均线突破,7,1,0,1
2023-02-23,均线突破,8,1,0,1
2023-02-23,均线突破,9,1,0,1
2023-02-23,海龟均线突破,1,1,0,1
2023-02-23,海龟均线突破,2,1,0,1
2023-02-23,海龟均线突破,3,1,0,1
2023-02-23,海龟均线突破,4,1,0,1
2023-02-23,海龟均线突破,5,1,0,1
2023-02-23,海龟均线突破,6,1,0,1
2023-02-23,海龟均线突破,7,1,0,1
2023-02-23,海龟均线突破,8,1,0,1
2023-02-23,海龟均线突破,9,1,0,1
2023-02-24,海龟放量,1,12,2,8
2023-02-24,海龟放量,2,12,4,7
2023-02-24,海龟放量,3,12,2,7
2023-02-24,海龟放量,4,12,3,8
2023-02-24,海龟放量,5,12,3,8
2023-02-24,海龟放量,6,12,2,7
2023-02-24,海龟放量,7,12,2,8
2023-02-24,海龟放量,8,12,2,7
2023-02-24,海龟放量,9,12,2,8
2023-02-24,海龟均线,1,21,4,15
2023-02-24,海龟均线,2,21,4,16
2023-02-24,海龟均线,3,21,4,16
2023-02-24,海龟均线,4,21,7,14
2023-02-24,海龟均线,5,21,6,14
2023-02-24,海龟均线,6,21,6,15
2023-02-24,海龟均线,7,21,6,15
2023-02-24,海龟均线,8,21,6,15
2023-02-24,海龟均线,9,21,6,15
2023-02-24,海龟突破,1,17,3,13
2023-02-24,海龟突破,2,17,2,11
2023-02-24,海龟突破,3,17,3,10
2023-02-24,海龟突破,4,17,3,11
2023-02-24,海龟突破,5,17,4,10
2023-02-24,海龟突破,6,17,3,12
2023-02-24,海龟突破,7,17,3,13
2023-02-24,海龟突破,8,17,2,12
2023-02-24,海龟突破,9,17,3,13
2023-02-24,均线突破,1,3,1,2
2023-02-24,均线突破,2,3,0,2
2023-02-24,均线突破,3,3,1,2
2023-02-24,均线突破,4,3,1,1
2023-02-24,均线突破,5,3,2,1
2023-02-24,均线突破,6,3,1,1
2023-02-24,均线突破,7,3,1,1
2023-02-24,均线突破,8,3,1,1
2023-02-24,均线突破,9,3,1,1
2023-02-24,海龟均线突破,1,1,1,0
2023-02-24,海龟均线突破,2,1,0,0
2023-02-24,海龟均线突破,3,1,1,0
2023-02-24,海龟均线突破,4,1,1,0
2023-02-24,海龟均线突破,5,1,1,0
2023-02-24,海龟均线突破,6,1,0,0
2023-02-24,海龟均线突破,7,1,0,0
2023-02-24,海龟均线突破,8,1,0,0
2023-02-24,海龟均线突破,9,1,0,0
2023-02-25,海龟放量,1,12,0,12
2023-02-25,海龟放量,2,12,0,12
2023-02-25,海龟放量,3,12,0,12
2023-02-25,海龟放量,4,12,0,12
2023-02-25,海龟放量,5,12,0,12
2023-02-25,海龟放量,6,12,0,12
2023-02-25,海龟放量,7,12,0,12
2023-02-25,海龟放量,8,12,0,12
2023-02-25,海龟放量,9,12,0,12
2023-02-25,海龟均线,1,21,0,21
2023-02-25,海龟均线,2,21,0,21
2023-02-25,海龟均线,3,21,0,21
2023-02-25,海龟均线,4,21,0,21
2023-02-25,海龟均线,5,21,0,21
2023-02-25,海龟均线,6,21,0,21
2023-02-25,海龟均线,7,21,0,21
2023-02-25,海龟均线,8,21,0,21
2023-02-25,海龟均线,9,21,0,21
2023-02-25,海龟突破,1,18,0,18
2023-02-25,海龟突破,2,18,0,18
2023-02-25,海龟突破,3,18,0,18
2023-02-25,海龟突破,4,18,0,18
2023-02-25,海龟突破,5,18,0,18
2023-02-25,海龟突破,6,18,0,18
2023-02-25,海龟突破,7,18,0,18
2023-02-25,海龟突破,8,18,0,18
2023-02-25,海龟突破,9,18,0,18
2023-02-25,均线突破,1,3,0,3
2023-02-25,均线突破,2,3,0,3
2023-02-25,均线突破,3,3,0,3
2023-02-25,均线突破,4,3,0,3
2023-02-25,均线突破,5,3,0,3
2023-02-25,均线突破,6,3,0,3
2023-02-25,均线突破,7,3,0,3
2023-02-25,均线突破,8,3,0,3
2023-02-25,均线突破,9,3,0,3
2023-02-25,海龟均线突破,1,1,0,1
2023-02-25,海龟均线突破,2,1,0,1
2023-02-25,海龟均线突破,3,1,0,1
2023-02-25,海龟均线突破,4,1,0,1
2023-02-25,海龟均线突破,5,1,0,1
2023-02-25,海龟均线突破,6,1,0,1
2023-02-25,海龟均线突破,7,1,0,1
2023-02-25,海龟均线突破,8,1,0,1
2023-02-25,海龟均线突破,9,1,0,1
2023-02-26,海龟放量,1,12,0,12
2023-02-26,海龟放量,2,12,0,12
2023-02-26,海龟放量,3,12,0,12
2023-02-26,海龟放量,4,12,0,12
2023-02-26,海龟放量,5,12,0,12
2023-02-26,海龟放量,6,12,0,12
2023-02-26,海龟放量,7,12,0,12
2023-02-26,海龟放量,8,12,0,12
2023-02-26,海龟放量,9,12,0,12
2023-02-26,海龟均线,1,21,0,21
2023-02-26,海龟均线,2,21,0,21
2023-02-26,海龟均线,3,21,0,21
2023-02-26,海龟均线,4,21,0,21
2023-02-26,海龟均线,5,21,0,21
2023-02-26,海龟均线,6,21,0,21
2023-02-26,海龟均线,7,21,0,21
2023-02-26,海龟均线,8,21,0,21
2023-02-26,海龟均线,9,21,0,21
2023-02-26,海龟突破,1,18,0,18
2023-02-26,海龟突破,2,18,0,18
2023-02-26,海龟突破,3,18,0,18
2023-02-26,海龟突破,4,18,0,18
2023-02-26,海龟突破,5,18,0,18
2023-02-26,海龟突破,6,18,0,18
2023-02-26,海龟突破,7,18,0,18
2023-02-26,海龟突破,8,18,0,18
2023-02-26,海龟突破,9,18,0,18
2023-02-26,均线突破,1,3,0,3
2023-02-26,均线突破,2,3,0,3
2023-02-26,均线突破,3,3,0,3
2023-02-26,均线突破,4,3,0,3
2023-02-26,均线突破,5,3,0,3
2023-02-26,均线突破,6,3,0,3
2023-02-26,均线突破,7,3,0,3
2023-02-26,均线突破,8,3,0,3
2023-02-26,均线突破,9,3,0,3
2023-02-26,海龟均线突破,1,1,0,1
2023-02-26,海龟均线突破,2,1,0,1
2023-02-26,海龟均线突破,3,1,0,1
2023-02-26,海龟均线突破,4,1,0,1
2023-02-26,海龟均线突破,5,1,0,1
2023-02-26,海龟均线突破,6,1,0,1
2023-02-26,海龟均线突破,7,1,0,1
2023-02-26,海龟均线突破,8,1,0,1
2023-02-26,海龟均线突破,9,1,0,1
2023-02-27,海龟放量,1,20,4,13
2023-02-27,海龟放量,2,20,4,14
2023-02-27,海龟放量,3,20,5,14
2023-02-27,海龟放量,4,20,5,14
2023-02-27,海龟放量,5,20,4,14
2023-02-27,海龟放量,6,20,4,13
2023-02-27,海龟放量,7,20,6,11
2023-02-27,海龟放量,8,20,6,12
2023-02-27,海龟放量,9,20,5,13
2023-02-27,海龟均线,1,20,7,11
2023-02-27,海龟均线,2,20,8,12
2023-02-27,海龟均线,3,20,6,12
2023-02-27,海龟均线,4,20,6,12
2023-02-27,海龟均线,5,20,7,12
2023-02-27,海龟均线,6,20,6,13
2023-02-27,海龟均线,7,20,6,14
2023-02-27,海龟均线,8,20,6,14
2023-02-27,海龟均线,9,20,5,15
2023-02-27,海龟突破,1,27,4,16
2023-02-27,海龟突破,2,27,5,17
2023-02-27,海龟突破,3,27,6,17
2023-02-27,海龟突破,4,27,6,19
2023-02-27,海龟突破,5,27,6,19
2023-02-27,海龟突破,6,27,4,19
2023-02-27,海龟突破,7,27,5,18
2023-02-27,海龟突破,8,27,5,20
2023-02-27,海龟突破,9,27,5,21
2023-02-27,均线突破,1,9,3,4
2023-02-27,均线突破,2,9,2,5
2023-02-27,均线突破,3,9,3,5
2023-02-27,均线突破,4,9,2,6
2023-02-27,均线突破,5,9,2,6
2023-02-27,均线突破,6,9,2,6
2023-02-27,均线突破,7,9,2,4
2023-02-27,均线突破,8,9,3,5
2023-02-27,均线突破,9,9,3,6
2023-02-27,海龟均线突破,1,9,3,4
2023-02-27,海龟均线突破,2,9,2,5
2023-02-27,海龟均线突破,3,9,3,5
2023-02-27,海龟均线突破,4,9,2,6
2023-02-27,海龟均线突破,5,9,2,6
2023-02-27,海龟均线突破,6,9,2,6
2023-02-27,海龟均线突破,7,9,2,4
2023-02-27,海龟均线突破,8,9,3,5
2023-02-27,海龟均线突破,9,9,3,6
2023-02-28,海龟放量,1,17,7,8
2023-02-28,海龟放量,2,17,6,10
2023-02-28,海龟放量,3,17,3,10
2023-02-28,海龟放量,4,17,6,10
2023-02-28,海龟放量,5,17,4,13
2023-02-28,海龟放量,6,17,6,10
2023-02-28,海龟放量,7,17,7,8
2023-02-28,海龟放量,8,17,6,9
2023-02-28,海龟放量,9,17,7,10
2023-02-28,海龟均线,1,19,5,11
2023-02-28,海龟均线,2,19,3,13
2023-02-28,海龟均线,3,19,4,14
2023-02-28,海龟均线,4,19,6,12
2023-02-28,海龟均线,5,19,6,10
2023-02-28,海龟均线,6,19,7,11
2023-02-28,海龟均线,7,19,6,11
2023-02-28,海龟均线,8,19,5,14
2023-02-28,海龟均线,9,19,6,11
2023-02-28,海龟突破,1,26,5,18
2023-02-28,海龟突破,2,26,6,17
2023-02-28,海龟突破,3,26,2,19
2023-02-28,海龟突破,4,26,6,17
2023-02-28,海龟突破,5,26,4,20
2023-02-28,海龟突破,6,26,4,17
2023-02-28,海龟突破,7,26,5,16
2023-02-28,海龟突破,8,26,4,19
2023-02-28,海龟突破,9,26,6,18
2023-02-28,均线突破,1,8,4,3
2023-02-28,均线突破,2,8,3,4
2023-02-28,均线突破,3,8,1,4
2023-02-28,均线突破,4,8,3,4
2023-02-28,均线突破,5,8,1,6
2023-02-28,均线突破,6,8,3,4
2023-02-28,均线突破,7,8,4,2
2023-02-28,均线突破,8,8,4,3
2023-02-28,均线突破,9,8,4,4
2023-02-28,海龟均线突破,1,7,3,3
2023-02-28,海龟均线突破,2,7,2,4
2023-02-28,海龟均线突破,3,7,0,4
2023-02-28,海龟均线突破,4,7,2,4
2023-02-28,海龟均线突破,5,7,1,6
2023-02-28,海龟均线突破,6,7,2,4
2023-02-28,海龟均线突破,7,7,3,2
2023-02-28,海龟均线突破,8,7,3,3
2023-02-28,海龟均线突破,9,7,3,4
2023-03-01,海龟放量,1,28,2,21
2023-03-01,海龟放量,2,28,4,21
2023-03-01,海龟放量,3,28,5,19
2023-03-01,海龟放量,4,28,3,22
2023-03-01,海龟放量,5,28,6,20
2023-03-01,海龟放量,6,28,6,19
2023-03-01,海龟放量,7,28,5,20
2023-03-01,海龟放量,8,28,10,17
2023-03-01,海龟放量,9,28,9,17
2023-03-01,海龟均线,1,26,6,19
2023-03-01,海龟均线,2,26,6,17
2023-03-01,海龟均线,3,26,6,15
2023-03-01,海龟均线,4,26,4,17
2023-03-01,海龟均线,5,26,6,14
2023-03-01,海龟均线,6,26,8,15
2023-03-01,海龟均线,7,26,9,17
2023-03-01,海龟均线,8,26,9,14
2023-03-01,海龟均线,9,26,9,16
2023-03-01,海龟突破,1,33,2,26
2023-03-01,海龟突破,2,33,4,25
2023-03-01,海龟突破,3,33,3,25
2023-03-01,海龟突破,4,33,2,30
2023-03-01,海龟突破,5,33,3,28
2023-03-01,海龟突破,6,33,4,28
2023-03-01,海龟突破,7,33,4,26
2023-03-01,海龟突破,8,33,7,25
2023-03-01,海龟突破,9,33,6,25
2023-03-01,均线突破,1,12,1,9
2023-03-01,均线突破,2,12,2,9
2023-03-01,均线突破,3,12,2,9
2023-03-01,均线突破,4,12,1,10
2023-03-01,均线突破,5,12,2,10
2023-03-01,均线突破,6,12,2,10
2023-03-01,均线突破,7,12,3,8
2023-03-01,均线突破,8,12,5,7
2023-03-01,均线突破,9,12,5,7
2023-03-01,海龟均线突破,1,11,1,8
2023-03-01,海龟均线突破,2,11,2,8
2023-03-01,海龟均线突破,3,11,2,8
2023-03-01,海龟均线突破,4,11,1,9
2023-03-01,海龟均线突破,5,11,2,9
2023-03-01,海龟均线突破,6,11,2,9
2023-03-01,海龟均线突破,7,11,3,7
2023-03-01,海龟均线突破,8,11,5,6
2023-03-01,海龟均线突破,9,11,5,6
2023-03-02,海龟放量,1,35,4,24
2023-03-02,海龟放量,2,35,8,22
2023-03-02,海龟放量,3,35,7,27
2023-03-02,海龟放量,4,35,10,22
2023-03-02,海龟放量,5,35,10,24
2023-03-02,海龟放量,6,35,8,25
2023-03-02,海龟放量,7,35,10,23
2023-03-02,海龟放量,8,35,8,24
2023-03-02,海龟放量,9,35,8,23
2023-03-02,海龟均线,1,22,5,16
2023-03-02,海龟均线,2,22,2,17
2023-03-02,海龟均线,3,22,3,19
2023-03-02,海龟均线,4,22,3,18
2023-03-02,海龟均线,5,22,3,18
2023-03-02,海龟均线,6,22,3,19
2023-03-02,海龟均线,7,22,4,18
2023-03-02,海龟均线,8,22,4,18
2023-03-02,海龟均线,9,22,3,18
2023-03-02,海龟突破,1,59,6,45
2023-03-02,海龟突破,2,59,9,43
2023-03-02,海龟突破,3,59,7,50
2023-03-02,海龟突破,4,59,8,44
2023-03-02,海龟突破,5,59,11,47
2023-03-02,海龟突破,6,59,11,46
2023-03-02,海龟突破,7,59,15,39
2023-03-02,海龟突破,8,59,15,41
2023-03-02,海龟突破,9,59,15,41
2023-03-02,均线突破,1,10,2,6
2023-03-02,均线突破,2,10,2,6
2023-03-02,均线突破,3,10,2,8
2023-03-02,均线突破,4,10,3,7
2023-03-02,均线突破,5,10,3,7
2023-03-02,均线突破,6,10,3,7
2023-03-02,均线突破,7,10,3,7
2023-03-02,均线突破,8,10,3,6
2023-03-02,均线突破,9,10,3,6
2023-03-02,海龟均线突破,1,9,1,6
2023-03-02,海龟均线突破,2,9,2,5
2023-03-02,海龟均线突破,3,9,2,7
2023-03-02,海龟均线突破,4,9,3,6
2023-03-02,海龟均线突破,5,9,3,6
2023-03-02,海龟均线突破,6,9,3,6
2023-03-02,海龟均线突破,7,9,3,6
2023-03-02,海龟均线突破,8,9,3,5
2023-03-02,海龟均线突破,9,9,3,5
2023-03-03,海龟放量,1,20,3,13
2023-03-03,海龟放量,2,20,2,16
2023-03-03,海龟放量,3,20,3,15
2023-03-03,海龟放量,4,20,4,15
2023-03-03,海龟放量,5,20,2,14
2023-03-03,海龟放量,6,20,3,16
2023-03-03,海龟放量,7,20,3,15
2023-03-03,海龟放量,8,20,5,13
2023-03-03,海龟放量,9,20,4,16
2023-03-03,海龟均线,1,16,4,10
2023-03-03,海龟均线,2,16,4,11
2023-03-03,海龟均线,3,16,4,8
2023-03-03,海龟均线,4,16,5,9
2023-03-03,海龟均线,5,16,6,9
2023-03-03,海龟均线,6,16,8,8
2023-03-03,海龟均线,7,16,7,8
2023-03-03,海龟均线,8,16,8,8
2023-03-03,海龟均线,9,16,8,8
2023-03-03,海龟突破,1,38,9,23
2023-03-03,海龟突破,2,38,3,31
2023-03-03,海龟突破,3,38,6,28
2023-03-03,海龟突破,4,38,6,29
2023-03-03,海龟突破,5,38,3,30
2023-03-03,海龟突破,6,38,7,29
2023-03-03,海龟突破,7,38,6,29
2023-03-03,海龟突破,8,38,5,27
2023-03-03,海龟突破,9,38,5,31
2023-03-03,均线突破,1,4,1,1
2023-03-03,均线突破,2,4,0,3
2023-03-03,均线突破,3,4,1,3
2023-03-03,均线突破,4,4,0,2
2023-03-03,均线突破,5,4,0,2
2023-03-03,均线突破,6,4,0,3
2023-03-03,均线突破,7,4,0,3
2023-03-03,均线突破,8,4,1,3
2023-03-03,均线突破,9,4,0,4
2023-03-03,海龟均线突破,1,3,1,1
2023-03-03,海龟均线突破,2,3,0,2
2023-03-03,海龟均线突破,3,3,1,2
2023-03-03,海龟均线突破,4,3,0,2
2023-03-03,海龟均线突破,5,3,0,1
2023-03-03,海龟均线突破,6,3,0,2
2023-03-03,海龟均线突破,7,3,0,2
2023-03-03,海龟均线突破,8,3,1,2
2023-03-03,海龟均线突破,9,3,0,3
2023-03-04,海龟放量,1,20,0,20
2023-03-04,海龟放量,2,20,0,20
2023-03-04,海龟放量,3,20,0,20
2023-03-04,海龟放量,4,20,0,20
2023-03-04,海龟放量,5,20,0,20
2023-03-04,海龟放量,6,20,0,20
2023-03-04,海龟放量,7,20,0,20
2023-03-04,海龟放量,8,20,0,20
2023-03-04,海龟放量,9,20,0,20
2023-03-04,海龟均线,1,16,0,16
2023-03-04,海龟均线,2,16,0,16
2023-03-04,海龟均线,3,16,0,16
2023-03-04,海龟均线,4,16,0,16
2023-03-04,海龟均线,5,16,0,16
2023-03-04,海龟均线,6,16,0,16
2023-03-04,海龟均线,7,16,0,16
2023-03-04,海龟均线,8,16,0,16
2023-03-04,海龟均线,9,16,0,16
2023-03-04,海龟突破,1,38,0,38
2023-03-04,海龟突破,2,38,0,38
2023-03-04,海龟突破,3,38,0,38
2023-03-04,海龟突破,4,38,0,38
2023-03-04,海龟突破,5,38,0,38
2023-03-04,海龟突破,6,38,0,38
2023-03-04,海龟突破,7,38,0,38
2023-03-04,海龟突破,8,38,0,38
2023-03-04,海龟突破,9,38,0,38
2023-03-04,均线突破,1,4,0,4
2023-03-04,均线突破,2,4,0,4
2023-03-04,均线突破,3,4,0,4
2023-03-04,均线突破,4,4,0,4
2023-03-04,均线突破,5,4,0,4
2023-03-04,均线突破,6,4,0,4
2023-03-04,均线突破,7,4,0,4
2023-03-04,均线突破,8,4,0,4
2023-03-04,均线突破,9,4,0,4
2023-03-04,海龟均线突破,1,3,0,3
2023-03-04,海龟均线突破,2,3,0,3
2023-03-04,海龟均线突破,3,3,0,3
2023-03-04,海龟均线突破,4,3,0,3
2023-03-04,海龟均线突破,5,3,0,3
2023-03-04,海龟均线突破,6,3,0,3
2023-03-04,海龟均线突破,7,3,0,3
2023-03-04,海龟均线突破,8,3,0,3
2023-03-04,海龟均线突破,9,3,0,3
2023-03-05,海龟放量,1,20,0,20
2023-03-05,海龟放量,2,20,0,20
2023-03-05,海龟放量,3,20,0,20
2023-03-05,海龟放量,4,20,0,20
2023-03-05,海龟放量,5,20,0,20
2023-03-05,海龟放量,6,20,0,20
2023-03-05,海龟放量,7,20,0,20
2023-03-05,海龟放量,8,20,0,20
2023-03-05,海龟放量,9,20,0,20
2023-03-05,海龟均线,1,16,0,16
2023-03-05,海龟均线,2,16,0,16
2023-03-05,海龟均线,3,16,0,16
2023-03-05,海龟均线,4,16,0,16
2023-03-05,海龟均线,5,16,0,16
2023-03-05,海龟均线,6,16,0,16
2023-03-05,海龟均线,7,16,0,16
2023-03-05,海龟均线,8,16,0,16
2023-03-05,海龟均线,9,16,0,16
2023-03-05,海龟突破,1,38,0,38
2023-03-05,海龟突破,2,38,0,38
2023-03-05,海龟突破,3,38,0,38
2023-03-05,海龟突破,4,38,0,38
2023-03-05,海龟突破,5,38,0,38
2023-03-05,海龟突破,6,38,0,38
2023-03-05,海龟突破,7,38,0,38
2023-03-05,海龟突破,8,38,0,38
2023-03-05,海龟突破,9,38,0,38
2023-03-05,均线突破,1,4,0,4
2023-03-05,均线突破,2,4,0,4
2023-03-05,均线突破,3,4,0,4
2023-03-05,均线突破,4,4,0,4
2023-03-05,均线突破,5,4,0,4
2023-03-05,均线突破,6,4,0,4
2023-03-05,均线突破,7,4,0,4
2023-03-05,均线突破,8,4,0,4
2023-03-05,均线突破,9,4,0,4
2023-03-05,海龟均线突破,1,3,0,3
2023-03-05,海龟均线突破,2,3,0,3
2023-03-05,海龟均线突破,3,3,0,3
2023-03-05,海龟均线突破,4,3,0,3
2023-03-05,海龟均线突破,5,3,0,3
2023-03-05,海龟均线突破,6,3,0,3
2023-03-05,海龟均线突破,7,3,0,3
2023-03-05,海龟均线突破,8,3,0,3
2023-03-05,海龟均线突破,9,3,0,3
2023-03-06,海龟放量,1,20,2,17
2023-03-06,海龟放量,2,20,1,15
2023-03-06,海龟放量,3,20,2,16
2023-03-06,海龟放量,4,20,2,17
2023-03-06,海龟放量,5,20,2,15
2023-03-06,海龟放量,6,20,1,16
2023-03-06,海龟放量,7,20,2,14
2023-03-06,海龟放量,8,20,1,17
2023-03-06,海龟放量,9,20,3,15
2023-03-06,海龟均线,1,15,3,10
2023-03-06,海龟均线,2,15,4,10
2023-03-06,海龟均线,3,15,5,10
2023-03-06,海龟均线,4,15,4,9
2023-03-06,海龟均线,5,15,5,10
2023-03-06,海龟均线,6,15,4,11
2023-03-06,海龟均线,7,15,6,8
2023-03-06,海龟均线,8,15,6,9
2023-03-06,海龟均线,9,15,6,9
2023-03-06,海龟突破,1,44,2,42
2023-03-06,海龟突破,2,44,2,39
2023-03-06,海龟突破,3,44,6,32
2023-03-06,海龟突破,4,44,5,36
2023-03-06,海龟突破,5,44,5,30
2023-03-06,海龟突破,6,44,12,29
2023-03-06,海龟突破,7,44,12,29
2023-03-06,海龟突破,8,44,8,32
2023-03-06,海龟突破,9,44,10,31
2023-03-06,均线突破,1,4,0,4
2023-03-06,均线突破,2,4,0,4
2023-03-06,均线突破,3,4,1,3
2023-03-06,均线突破,4,4,1,3
2023-03-06,均线突破,5,4,1,3
2023-03-06,均线突破,6,4,1,2
2023-03-06,均线突破,7,4,1,3
2023-03-06,均线突破,8,4,1,3
2023-03-06,均线突破,9,4,1,2
2023-03-06,海龟均线突破,1,4,0,4
2023-03-06,海龟均线突破,2,4,0,4
2023-03-06,海龟均线突破,3,4,1,3
2023-03-06,海龟均线突破,4,4,1,3
2023-03-06,海龟均线突破,5,4,1,3
2023-03-06,海龟均线突破,6,4,1,2
2023-03-06,海龟均线突破,7,4,1,3
2023-03-06,海龟均线突破,8,4,1,3
2023-03-06,海龟均线突破,9,4,1,2
2023-03-07,海龟放量,1,14,0,11
2023-03-07,海龟放量,2,14,2,12
2023-03-07,海龟放量,3,14,1,13
2023-03-07,海龟放量,4,14,1,13
2023-03-07,海龟放量,5,14,2,12
2023-03-07,海龟放量,6,14,2,12
2023-03-07,海龟放量,7,14,2,12
2023-03-07,海龟放量,8,14,2,12
2023-03-07,海龟放量,9,14,2,12
2023-03-07,海龟均线,1,11,4,3
2023-03-07,海龟均线,2,11,3,5
2023-03-07,海龟均线,3,11,3,8
2023-03-07,海龟均线,4,11,2,7
2023-03-07,海龟均线,5,11,2,8
2023-03-07,海龟均线,6,11,2,7
2023-03-07,海龟均线,7,11,2,8
2023-03-07,海龟均线,8,11,3,8
2023-03-07,海龟均线,9,10,3,7
2023-03-07,海龟突破,1,27,0,21
2023-03-07,海龟突破,2,27,4,23
2023-03-07,海龟突破,3,27,1,24
2023-03-07,海龟突破,4,27,2,22
2023-03-07,海龟突破,5,27,3,21
2023-03-07,海龟突破,6,27,6,19
2023-03-07,海龟突破,7,27,5,21
2023-03-07,海龟突破,8,27,5,20
2023-03-07,海龟突破,9,27,5,19
2023-03-07,均线突破,1,4,0,3
2023-03-07,均线突破,2,4,1,3
2023-03-07,均线突破,3,4,1,3
2023-03-07,均线突破,4,4,1,3
2023-03-07,均线突破,5,4,1,3
2023-03-07,均线突破,6,4,1,3
2023-03-07,均线突破,7,4,1,3
2023-03-07,均线突破,8,4,1,3
2023-03-07,均线突破,9,4,1,3
2023-03-07,海龟均线突破,1,3,0,2
2023-03-07,海龟均线突破,2,3,1,2
2023-03-07,海龟均线突破,3,3,1,2
2023-03-07,海龟均线突破,4,3,1,2
2023-03-07,海龟均线突破,5,3,1,2
2023-03-07,海龟均线突破,6,3,1,2
2023-03-07,海龟均线突破,7,3,1,2
2023-03-07,海龟均线突破,8,3,1,2
2023-03-07,海龟均线突破,9,3,1,2
2023-03-08,海龟放量,1,7,2,5
2023-03-08,海龟放量,2,7,2,5
2023-03-08,海龟放量,3,7,1,5
2023-03-08,海龟放量,4,7,1,6
2023-03-08,海龟放量,5,7,1,6
2023-03-08,海龟放量,6,7,1,6
2023-03-08,海龟放量,7,7,1,5
2023-03-08,海龟放量,8,7,2,5
2023-03-08,海龟放量,9,7,2,5
2023-03-08,海龟均线,1,7,1,6
2023-03-08,海龟均线,2,7,0,6
2023-03-08,海龟均线,3,7,1,6
2023-03-08,海龟均线,4,7,0,7
2023-03-08,海龟均线,5,7,1,6
2023-03-08,海龟均线,6,7,3,4
2023-03-08,海龟均线,7,7,3,4
2023-03-08,海龟均线,8,7,2,5
2023-03-08,海龟均线,9,7,2,5
2023-03-08,海龟突破,1,17,2,14
2023-03-08,海龟突破,2,17,1,16
2023-03-08,海龟突破,3,17,2,15
2023-03-08,海龟突破,4,17,2,13
2023-03-08,海龟突破,5,17,3,13
2023-03-08,海龟突破,6,17,3,14
2023-03-08,海龟突破,7,17,3,14
2023-03-08,海龟突破,8,17,3,13
2023-03-08,海龟突破,9,17,2,13
2023-03-08,均线突破,1,3,0,3
2023-03-08,均线突破,2,3,0,3
2023-03-08,均线突破,3,3,0,3
2023-03-08,均线突破,4,3,0,3
2023-03-08,均线突破,5,3,0,3
2023-03-08,均线突破,6,3,0,3
2023-03-08,均线突破,7,3,0,3
2023-03-08,均线突破,8,3,0,3
2023-03-08,均线突破,9,3,0,3
2023-03-08,海龟均线突破,1,3,0,3
2023-03-08,海龟均线突破,2,3,0,3
2023-03-08,海龟均线突破,3,3,0,3
2023-03-08,海龟均线突破,4,3,0,3
2023-03-08,海龟均线突破,5,3,0,3
2023-03-08,海龟均线突破,6,3,0,3
2023-03-08,海龟均线突破,7,3,0,3
2023-03-08,海龟均线突破,8,3,0,3
2023-03-08,海龟均线突破,9,3,0,3
2023-03-09,海龟放量,1,18,4,13
2023-03-09,海龟放量,2,18,2,12
2023-03-09,海龟放量,3,18,6,10
2023-03-09,海龟放量,4,18,6,10
2023-03-09,海龟放量,5,18,5,12
2023-03-09,海龟放量,6,18,7,9
2023-03-09,海龟放量,7,18,6,10
2023-03-09,海龟放量,8,18,7,11
2023-03-09,海龟放量,9,18,6,11
2023-03-09,海龟均线,1,11,0,11
2023-03-09,海龟均线,2,11,1,10
2023-03-09,海龟均线,3,11,1,9
2023-03-09,海龟均线,4,11,1,9
2023-03-09,海龟均线,5,11,1,10
2023-03-09,海龟均线,6,11,1,10
2023-03-09,海龟均线,7,11,0,10
2023-03-09,海龟均线,8,11,0,11
2023-03-09,海龟均线,9,11,1,10
2023-03-09,海龟突破,1,33,2,28
2023-03-09,海龟突破,2,33,5,26
2023-03-09,海龟突破,3,33,12,18
2023-03-09,海龟突破,4,33,13,17
2023-03-09,海龟突破,5,33,11,19
2023-03-09,海龟突破,6,33,13,16
2023-03-09,海龟突破,7,33,13,17
2023-03-09,海龟突破,8,33,14,16
2023-03-09,海龟突破,9,33,11,18
2023-03-09,均线突破,1,11,1,8
2023-03-09,均线突破,2,11,1,8
2023-03-09,均线突破,3,11,2,6
2023-03-09,均线突破,4,11,4,5
2023-03-09,均线突破,5,11,5,5
2023-03-09,均线突破,6,11,6,4
2023-03-09,均线突破,7,11,5,5
2023-03-09,均线突破,8,11,5,5
2023-03-09,均线突破,9,11,4,5
2023-03-09,海龟均线突破,1,9,1,7
2023-03-09,海龟均线突破,2,9,1,7
2023-03-09,海龟均线突破,3,9,2,5
2023-03-09,海龟均线突破,4,9,4,4
2023-03-09,海龟均线突破,5,9,4,4
2023-03-09,海龟均线突破,6,9,5,3
2023-03-09,海龟均线突破,7,9,5,4
2023-03-09,海龟均线突破,8,9,5,4
2023-03-09,海龟均线突破,9,9,4,4
2023-03-10,海龟放量,1,16,0,14
2023-03-10,海龟放量,2,16,2,14
2023-03-10,海龟放量,3,16,2,12
2023-03-10,海龟放量,4,16,0,15
2023-03-10,海龟放量,5,16,1,13
2023-03-10,海龟放量,6,16,3,13
2023-03-10,海龟放量,7,16,3,11
2023-03-10,海龟放量,8,16,3,12
2023-03-10,海龟放量,9,6,0,6
2023-03-10,海龟均线,1,12,4,7
2023-03-10,海龟均线,2,12,4,8
2023-03-10,海龟均线,3,12,4,7
2023-03-10,海龟均线,4,12,3,8
2023-03-10,海龟均线,5,12,3,8
2023-03-10,海龟均线,6,12,2,10
2023-03-10,海龟均线,7,12,2,10
2023-03-10,海龟均线,8,12,2,9
2023-03-10,海龟均线,9,4,0,4
2023-03-10,海龟突破,1,29,5,15
2023-03-10,海龟突破,2,29,10,12
2023-03-10,海龟突破,3,29,10,14
2023-03-10,海龟突破,4,29,8,17
2023-03-10,海龟突破,5,29,10,17
2023-03-10,海龟突破,6,29,9,16
2023-03-10,海龟突破,7,29,9,14
2023-03-10,海龟突破,8,29,9,16
2023-03-10,海龟突破,9,7,0,7
2023-03-10,均线突破,1,8,1,6
2023-03-10,均线突破,2,8,2,6
2023-03-10,均线突破,3,8,2,6
2023-03-10,均线突破,4,8,1,6
2023-03-10,均线突破,5,8,2,6
2023-03-10,均线突破,6,8,2,6
2023-03-10,均线突破,7,8,2,5
2023-03-10,均线突破,8,8,2,6
2023-03-10,均线突破,9,3,0,3
2023-03-10,海龟均线突破,1,7,0,6
2023-03-10,海龟均线突破,2,7,1,6
2023-03-10,海龟均线突破,3,7,1,6
2023-03-10,海龟均线突破,4,7,0,6
2023-03-10,海龟均线突破,5,7,1,6
2023-03-10,海龟均线突破,6,7,1,6
2023-03-10,海龟均线突破,7,7,1,5
2023-03-10,海龟均线突破,8,7,1,6
2023-03-10,海龟均线突破,9,3,0,3
2023-03-11,海龟放量,1,16,0,16
2023-03-11,海龟放量,2,16,0,16
2023-03-11,海龟放量,3,16,0,16
2023-03-11,海龟放量,4,16,0,16
2023-03-11,海龟放量,5,16,0,16
2023-03-11,海龟放量,6,16,0,16
2023-03-11,海龟放量,7,16,0,16
2023-03-11,海龟放量,8,16,0,16
2023-03-11,海龟放量,9,16,0,16
2023-03-11,海龟均线,1,12,0,12
2023-03-11,海龟均线,2,12,0,12
2023-03-11,海龟均线,3,12,0,12
2023-03-11,海龟均线,4,12,0,12
2023-03-11,海龟均线,5,12,0,12
2023-03-11,海龟均线,6,12,0,12
2023-03-11,海龟均线,7,12,0,12
2023-03-11,海龟均线,8,12,0,12
2023-03-11,海龟均线,9,12,0,12
2023-03-11,海龟突破,1,29,0,29
2023-03-11,海龟突破,2,29,0,29
2023-03-11,海龟突破,3,29,0,29
2023-03-11,海龟突破,4,29,0,29
2023-03-11,海龟突破,5,29,0,29
2023-03-11,海龟突破,6,29,0,29
2023-03-11,海龟突破,7,29,0,29
2023-03-11,海龟突破,8,29,0,29
2023-03-11,海龟突破,9,29,0,29
2023-03-11,均线突破,1,8,0,8
2023-03-11,均线突破,2,8,0,8
2023-03-11,均线突破,3,8,0,8
2023-03-11,均线突破,4,8,0,8
2023-03-11,均线突破,5,8,0,8
2023-03-11,均线突破,6,8,0,8
2023-03-11,均线突破,7,8,0,8
2023-03-11,均线突破,8,8,0,8
2023-03-11,均线突破,9,8,0,8
2023-03-11,海龟均线突破,1,7,0,7
2023-03-11,海龟均线突破,2,7,0,7
2023-03-11,海龟均线突破,3,7,0,7
2023-03-11,海龟均线突破,4,7,0,7
2023-03-11,海龟均线突破,5,7,0,7
2023-03-11,海龟均线突破,6,7,0,7
2023-03-11,海龟均线突破,7,7,0,7
2023-03-11,海龟均线突破,8,7,0,7
2023-03-11,海龟均线突破,9,7,0,7
2023-03-12,海龟放量,1,16,0,16
2023-03-12,海龟放量,2,16,0,16
2023-03-12,海龟放量,3,16,0,16
2023-03-12,海龟放量,4,16,0,16
2023-03-12,海龟放量,5,16,0,16
2023-03-12,海龟放量,6,16,0,16
2023-03-12,海龟放量,7,16,0,16
2023-03-12,海龟放量,8,16,0,16
2023-03-12,海龟放量,9,16,0,16
2023-03-12,海龟均线,1,12,0,12
2023-03-12,海龟均线,2,12,0,12
2023-03-12,海龟均线,3,12,0,12
2023-03-12,海龟均线,4,12,0,12
2023-03-12,海龟均线,5,12,0,12
2023-03-12,海龟均线,6,12,0,12
2023-03-12,海龟均线,7,12,0,12
2023-03-12,海龟均线,8,12,0,12
2023-03-12,海龟均线,9,12,0,12
2023-03-12,海龟突破,1,29,0,29
2023-03-12,海龟突破,2,29,0,29
2023-03-12,海龟突破,3,29,0,29
2023-03-12,海龟突破,4,29,0,29
2023-03-12,海龟突破,5,29,0,29
2023-03-12,海龟突破,6,29,0,29
2023-03-12,海龟突破,7,29,0,29
2023-03-12,海龟突破,8,29,0,29
2023-03-12,海龟突破,9,29,0,29
2023-03-12,均线突破,1,8,0,8
2023-03-12,均线突破,2,8,0,8
2023-03-12,均线突破,3,8,0,8
2023-03-12,均线突破,4,8,0,8
2023-03-12,均线突破,5,8,0,8
2023-03-12,均线突破,6,8,0,8
2023-03-12,均线突破,7,8,0,8
2023-03-12,均线突破,8,8,0,8
2023-03-12,均线突破,9,8,0,8
2023-03-12,海龟均线突破,1,7,0,7
2023-03-12,海龟均线突破,2,7,0,7
2023-03-12,海龟均线突破,3,7,0,7
2023-03-12,海龟均线突破,4,7,0,7
2023-03-12,海龟均线突破,5,7,0,7
2023-03-12,海龟均线突破,6,7,0,7
2023-03-12,海龟均线突破,7,7,0,7
2023-03-12,海龟均线突破,8,7,0,7
2023-03-12,海龟均线突破,9,7,0,7
2023-03-13,海龟放量,1,10,2,8
2023-03-13,海龟放量,2,10,0,7
2023-03-13,海龟放量,3,10,1,8
2023-03-13,海龟放量,4,10,2,7
2023-03-13,海龟放量,5,10,1,8
2023-03-13,海龟放量,6,10,1,8
2023-03-13,海龟放量,7,10,1,9
2023-03-13,海龟放量,8,2,0,2
2023-03-13,海龟放量,9,2,0,2
2023-03-13,海龟均线,1,22,3,16
2023-03-13,海龟均线,2,22,5,11
2023-03-13,海龟均线,3,22,4,17
2023-03-13,海龟均线,4,22,7,12
2023-03-13,海龟均线,5,22,5,16
2023-03-13,海龟均线,6,22,3,16
2023-03-13,海龟均线,7,22,5,15
2023-03-13,海龟均线,8,4,0,4
2023-03-13,海龟均线,9,4,0,4
2023-03-13,海龟突破,1,32,7,23
2023-03-13,海龟突破,2,32,3,23
2023-03-13,海龟突破,3,32,5,24
2023-03-13,海龟突破,4,32,8,17
2023-03-13,海龟突破,5,32,8,19
2023-03-13,海龟突破,6,32,9,18
2023-03-13,海龟突破,7,32,8,21
2023-03-13,海龟突破,8,6,0,6
2023-03-13,海龟突破,9,6,0,6
2023-03-13,均线突破,1,10,1,9
2023-03-13,均线突破,2,10,1,7
2023-03-13,均线突破,3,10,1,7
2023-03-13,均线突破,4,10,2,7
2023-03-13,均线突破,5,10,1,8
2023-03-13,均线突破,6,10,1,8
2023-03-13,均线突破,7,10,1,9
2023-03-13,均线突破,8,2,0,2
2023-03-13,均线突破,9,2,0,2
2023-03-13,海龟均线突破,1,7,1,6
2023-03-13,海龟均线突破,2,7,0,5
2023-03-13,海龟均线突破,3,7,1,5
2023-03-13,海龟均线突破,4,7,2,4
2023-03-13,海龟均线突破,5,7,1,5
2023-03-13,海龟均线突破,6,7,1,5
2023-03-13,海龟均线突破,7,7,1,6
2023-03-13,海龟均线突破,8,1,0,1
2023-03-13,海龟均线突破,9,1,0,1
2023-03-14,海龟放量,1,13,1,12
2023-03-14,海龟放量,2,13,1,11
2023-03-14,海龟放量,3,13,3,9
2023-03-14,海龟放量,4,13,3,9
2023-03-14,海龟放量,5,13,2,9
2023-03-14,海龟放量,6,13,3,10
2023-03-14,海龟放量,7,5,0,5
2023-03-14,海龟放量,8,5,0,5
2023-03-14,海龟放量,9,5,0,5
2023-03-14,海龟均线,1,29,6,20
2023-03-14,海龟均线,2,29,7,22
2023-03-14,海龟均线,3,29,9,17
2023-03-14,海龟均线,4,29,9,19
2023-03-14,海龟均线,5,29,8,21
2023-03-14,海龟均线,6,29,8,20
2023-03-14,海龟均线,7,9,0,9
2023-03-14,海龟均线,8,9,0,9
2023-03-14,海龟均线,9,9,0,9
2023-03-14,海龟突破,1,35,3,29
2023-03-14,海龟突破,2,35,6,26
2023-03-14,海龟突破,3,35,11,18
2023-03-14,海龟突破,4,35,8,23
2023-03-14,海龟突破,5,35,8,20
2023-03-14,海龟突破,6,35,9,22
2023-03-14,海龟突破,7,8,0,8
2023-03-14,海龟突破,8,8,0,8
2023-03-14,海龟突破,9,8,0,8
2023-03-14,均线突破,1,7,1,6
2023-03-14,均线突破,2,7,0,6
2023-03-14,均线突破,3,7,1,5
2023-03-14,均线突破,4,7,2,5
2023-03-14,均线突破,5,7,1,4
2023-03-14,均线突破,6,7,2,5
2023-03-14,均线突破,7,2,0,2
2023-03-14,均线突破,8,2,0,2
2023-03-14,均线突破,9,2,0,2
2023-03-14,海龟均线突破,1,6,1,5
2023-03-14,海龟均线突破,2,6,0,5
2023-03-14,海龟均线突破,3,6,1,4
2023-03-14,海龟均线突破,4,6,2,4
2023-03-14,海龟均线突破,5,6,1,3
2023-03-14,海龟均线突破,6,6,2,4
2023-03-14,海龟均线突破,7,1,0,1
2023-03-14,海龟均线突破,8,1,0,1
2023-03-14,海龟均线突破,9,1,0,1
2023-03-15,海龟放量,1,12,2,8
2023-03-15,海龟放量,2,12,3,6
2023-03-15,海龟放量,3,12,3,7
2023-03-15,海龟放量,4,12,3,7
2023-03-15,海龟放量,5,12,3,8
2023-03-15,海龟放量,6,5,0,5
2023-03-15,海龟放量,7,5,0,5
2023-03-15,海龟放量,8,5,0,5
2023-03-15,海龟放量,9,5,0,5
2023-03-15,海龟均线,1,29,6,18
2023-03-15,海龟均线,2,29,13,13
2023-03-15,海龟均线,3,29,9,17
2023-03-15,海龟均线,4,29,8,18
2023-03-15,海龟均线,5,29,7,18
2023-03-15,海龟均线,6,8,0,8
2023-03-15,海龟均线,7,8,0,8
2023-03-15,海龟均线,8,8,0,8
2023-03-15,海龟均线,9,8,0,8
2023-03-15,海龟突破,1,40,4,29
2023-03-15,海龟突破,2,40,7,26
2023-03-15,海龟突破,3,40,8,27
2023-03-15,海龟突破,4,40,8,28
2023-03-15,海龟突破,5,40,8,30
2023-03-15,海龟突破,6,13,0,13
2023-03-15,海龟突破,7,13,0,13
2023-03-15,海龟突破,8,13,0,13
2023-03-15,海龟突破,9,13,0,13
2023-03-15,均线突破,1,10,0,7
2023-03-15,均线突破,2,10,2,6
2023-03-15,均线突破,3,10,2,7
2023-03-15,均线突破,4,10,2,8
2023-03-15,均线突破,5,10,2,8
2023-03-15,均线突破,6,5,0,5
2023-03-15,均线突破,7,5,0,5
2023-03-15,均线突破,8,5,0,5
2023-03-15,均线突破,9,5,0,5
2023-03-15,海龟均线突破,1,8,0,6
2023-03-15,海龟均线突破,2,8,2,5
2023-03-15,海龟均线突破,3,8,2,6
2023-03-15,海龟均线突破,4,8,2,6
2023-03-15,海龟均线突破,5,8,2,6
2023-03-15,海龟均线突破,6,4,0,4
2023-03-15,海龟均线突破,7,4,0,4
2023-03-15,海龟均线突破,8,4,0,4
2023-03-15,海龟均线突破,9,4,0,4
2023-03-16,海龟放量,1,9,1,7
2023-03-16,海龟放量,2,9,1,7
2023-03-16,海龟放量,3,9,0,8
2023-03-16,海龟放量,4,9,0,8
2023-03-16,海龟放量,5,3,0,3
2023-03-16,海龟放量,6,3,0,3
2023-03-16,海龟放量,7,3,0,3
2023-03-16,海龟放量,8,3,0,3
2023-03-16,海龟放量,9,3,0,3
2023-03-16,海龟均线,1,22,4,11
2023-03-16,海龟均线,2,22,8,14
2023-03-16,海龟均线,3,22,5,15
2023-03-16,海龟均线,4,22,6,16
2023-03-16,海龟均线,5,6,0,6
2023-03-16,海龟均线,6,6,0,6
2023-03-16,海龟均线,7,6,0,6
2023-03-16,海龟均线,8,6,0,6
2023-03-16,海龟均线,9,6,0,6
2023-03-16,海龟突破,1,37,10,20
2023-03-16,海龟突破,2,37,10,25
2023-03-16,海龟突破,3,37,8,26
2023-03-16,海龟突破,4,37,7,26
2023-03-16,海龟突破,5,12,0,12
2023-03-16,海龟突破,6,12,0,12
2023-03-16,海龟突破,7,12,0,12
2023-03-16,海龟突破,8,12,0,12
2023-03-16,海龟突破,9,12,0,12
2023-03-16,均线突破,1,8,1,5
2023-03-16,均线突破,2,8,1,6
2023-03-16,均线突破,3,8,1,6
2023-03-16,均线突破,4,8,0,6
2023-03-16,均线突破,5,4,0,4
2023-03-16,均线突破,6,4,0,4
2023-03-16,均线突破,7,4,0,4
2023-03-16,均线突破,8,4,0,4
2023-03-16,均线突破,9,4,0,4
2023-03-16,海龟均线突破,1,5,0,4
2023-03-16,海龟均线突破,2,5,1,4
2023-03-16,海龟均线突破,3,5,0,4
2023-03-16,海龟均线突破,4,5,0,4
2023-03-16,海龟均线突破,5,3,0,3
2023-03-16,海龟均线突破,6,3,0,3
2023-03-16,海龟均线突破,7,3,0,3
2023-03-16,海龟均线突破,8,3,0,3
2023-03-16,海龟均线突破,9,3,0,3
2023-03-17,海龟放量,1,9,1,8
2023-03-17,海龟放量,2,9,1,7
2023-03-17,海龟放量,3,9,1,7
2023-03-17,海龟放量,4,2,0,2
2023-03-17,海龟放量,5,2,0,2
2023-03-17,海龟放量,6,2,0,2
2023-03-17,海龟放量,7,2,0,2
2023-03-17,海龟放量,8,2,0,2
2023-03-17,海龟放量,9,2,0,2
2023-03-17,海龟均线,1,37,7,27
2023-03-17,海龟均线,2,37,7,28
2023-03-17,海龟均线,3,37,9,27
2023-03-17,海龟均线,4,10,0,10
2023-03-17,海龟均线,5,10,0,10
2023-03-17,海龟均线,6,10,0,10
2023-03-17,海龟均线,7,10,0,10
2023-03-17,海龟均线,8,10,0,10
2023-03-17,海龟均线,9,10,0,10
2023-03-17,海龟突破,1,78,11,55
2023-03-17,海龟突破,2,78,10,56
2023-03-17,海龟突破,3,78,12,56
2023-03-17,海龟突破,4,21,0,21
2023-03-17,海龟突破,5,21,0,21
2023-03-17,海龟突破,6,21,0,21
2023-03-17,海龟突破,7,21,0,21
2023-03-17,海龟突破,8,21,0,21
2023-03-17,海龟突破,9,21,0,21
2023-03-17,均线突破,1,4,1,3
2023-03-17,均线突破,2,4,0,3
2023-03-17,均线突破,3,4,0,3
2023-03-17,均线突破,4,1,0,0
2023-03-17,均线突破,5,1,0,0
2023-03-17,均线突破,6,1,0,0
2023-03-17,均线突破,7,1,0,0
2023-03-17,均线突破,8,1,0,0
2023-03-17,均线突破,9,1,0,0
2023-03-17,海龟均线突破,1,4,1,3
2023-03-17,海龟均线突破,2,4,0,3
2023-03-17,海龟均线突破,3,4,0,3
2023-03-17,海龟均线突破,4,1,0,0
2023-03-17,海龟均线突破,5,1,0,0
2023-03-17,海龟均线突破,6,1,0,0
2023-03-17,海龟均线突破,7,1,0,0
2023-03-17,海龟均线突破,8,1,0,0
2023-03-17,海龟均线突破,9,1,0,0
2023-03-18,海龟放量,1,9,0,9
2023-03-18,海龟放量,2,9,0,9
2023-03-18,海龟放量,3,9,0,9
2023-03-18,海龟放量,4,9,0,9
2023-03-18,海龟放量,5,9,0,9
2023-03-18,海龟放量,6,9,0,9
2023-03-18,海龟放量,7,9,0,9
2023-03-18,海龟放量,8,9,0,9
2023-03-18,海龟放量,9,9,0,9
2023-03-18,海龟均线,1,37,0,37
2023-03-18,海龟均线,2,37,0,37
2023-03-18,海龟均线,3,37,0,37
2023-03-18,海龟均线,4,37,0,37
2023-03-18,海龟均线,5,37,0,37
2023-03-18,海龟均线,6,37,0,37
2023-03-18,海龟均线,7,37,0,37
2023-03-18,海龟均线,8,37,0,37
2023-03-18,海龟均线,9,37,0,37
2023-03-18,海龟突破,1,78,0,78
2023-03-18,海龟突破,2,78,0,78
2023-03-18,海龟突破,3,78,0,78
2023-03-18,海龟突破,4,78,0,78
2023-03-18,海龟突破,5,78,0,78
2023-03-18,海龟突破,6,78,0,78
2023-03-18,海龟突破,7,78,0,78
2023-03-18,海龟突破,8,78,0,78
2023-03-18,海龟突破,9,78,0,78
2023-03-18,均线突破,1,4,0,4
2023-03-18,均线突破,2,4,0,4
2023-03-18,均线突破,3,4,0,4
2023-03-18,均线突破,4,4,0,4
2023-03-18,均线突破,5,4,0,4
2023-03-18,均线突破,6,4,0,4
2023-03-18,均线突破,7,4,0,4
2023-03-18,均线突破,8,4,0,4
2023-03-18,均线突破,9,4,0,4
2023-03-18,海龟均线突破,1,4,0,4
2023-03-18,海龟均线突破,2,4,0,4
2023-03-18,海龟均线突破,3,4,0,4
2023-03-18,海龟均线突破,4,4,0,4
2023-03-18,海龟均线突破,5,4,0,4
2023-03-18,海龟均线突破,6,4,0,4
2023-03-18,海龟均线突破,7,4,0,4
2023-03-18,海龟均线突破,8,4,0,4
2023-03-18,海龟均线突破,9,4,0,4
2023-03-19,海龟放量,1,9,0,9
2023-03-19,海龟放量,2,9,0,9
2023-03-19,海龟放量,3,9,0,9
2023-03-19,海龟放量,4,9,0,9
2023-03-19,海龟放量,5,9,0,9
2023-03-19,海龟放量,6,9,0,9
2023-03-19,海龟放量,7,9,0,9
2023-03-19,海龟放量,8,9,0,9
2023-03-19,海龟放量,9,9,0,9
2023-03-19,海龟均线,1,37,0,37
2023-03-19,海龟均线,2,37,0,37
2023-03-19,海龟均线,3,37,0,37
2023-03-19,海龟均线,4,37,0,37
2023-03-19,海龟均线,5,37,0,37
2023-03-19,海龟均线,6,37,0,37
2023-03-19,海龟均线,7,37,0,37
2023-03-19,海龟均线,8,37,0,37
2023-03-19,海龟均线,9,37,0,37
2023-03-19,海龟突破,1,78,0,78
2023-03-19,海龟突破,2,78,0,78
2023-03-19,海龟突破,3,78,0,78
2023-03-19,海龟突破,4,78,0,78
2023-03-19,海龟突破,5,78,0,78
2023-03-19,海龟突破,6,78,0,78
2023-03-19,海龟突破,7,78,0,78
2023-03-19,海龟突破,8,78,0,78
2023-03-19,海龟突破,9,78,0,78
2023-03-19,均线突破,1,4,0,4
2023-03-19,均线突破,2,4,0,4
2023-03-19,均线突破,3,4,0,4
2023-03-19,均线突破,4,4,0,4
2023-03-19,均线突破,5,4,0,4
2023-03-19,均线突破,6,4,0,4
2023-03-19,均线突破,7,4,0,4
2023-03-19,均线突破,8,4,0,4
2023-03-19,均线突破,9,4,0,4
2023-03-19,海龟均线突破,1,4,0,4
2023-03-19,海龟均线突破,2,4,0,4
2023-03-19,海龟均线突破,3,4,0,4
2023-03-19,海龟均线突破,4,4,0,4
2023-03-19,海龟均线突破,5,4,0,4
2023-03-19,海龟均线突破,6,4,0,4
2023-03-19,海龟均线突破,7,4,0,4
2023-03-19,海龟均线突破,8,4,0,4
2023-03-19,海龟均线突破,9,4,0,4
2023-03-20,海龟放量,1,23,5,13
2023-03-20,海龟放量,2,23,7,14
2023-03-20,海龟放量,3,9,0,9
2023-03-20,海龟放量,4,9,0,9
2023-03-20,海龟放量,5,9,0,9
2023-03-20,海龟放量,6,9,0,9
2023-03-20,海龟放量,7,9,0,9
2023-03-20,海龟放量,8,9,0,9
2023-03-20,海龟放量,9,9,0,9
2023-03-20,海龟均线,1,24,5,14
2023-03-20,海龟均线,2,24,8,14
2023-03-20,海龟均线,3,5,0,5
2023-03-20,海龟均线,4,5,0,5
2023-03-20,海龟均线,5,5,0,5
2023-03-20,海龟均线,6,5,0,5
2023-03-20,海龟均线,7,5,0,5
2023-03-20,海龟均线,8,5,0,5
2023-03-20,海龟均线,9,5,0,5
2023-03-20,海龟突破,1,73,12,45
2023-03-20,海龟突破,2,73,15,43
2023-03-20,海龟突破,3,27,0,27
2023-03-20,海龟突破,4,27,0,27
2023-03-20,海龟突破,5,27,0,27
2023-03-20,海龟突破,6,27,0,27
2023-03-20,海龟突破,7,27,0,27
2023-03-20,海龟突破,8,27,0,27
2023-03-20,海龟突破,9,27,0,27
2023-03-20,均线突破,1,9,2,5
2023-03-20,均线突破,2,9,3,4
2023-03-20,均线突破,3,2,0,2
2023-03-20,均线突破,4,2,0,2
2023-03-20,均线突破,5,2,0,2
2023-03-20,均线突破,6,2,0,2
2023-03-20,均线突破,7,2,0,2
2023-03-20,均线突破,8,2,0,2
2023-03-20,均线突破,9,2,0,2
2023-03-20,海龟均线突破,1,9,2,5
2023-03-20,海龟均线突破,2,9,3,4
2023-03-20,海龟均线突破,3,2,0,2
2023-03-20,海龟均线突破,4,2,0,2
2023-03-20,海龟均线突破,5,2,0,2
2023-03-20,海龟均线突破,6,2,0,2
2023-03-20,海龟均线突破,7,2,0,2
2023-03-20,海龟均线突破,8,2,0,2
2023-03-20,海龟均线突破,9,2,0,2
2023-03-21,海龟放量,1,17,1,14
2023-03-21,海龟放量,2,7,0,7
2023-03-21,海龟放量,3,7,0,7
2023-03-21,海龟放量,4,7,0,7
2023-03-21,海龟放量,5,7,0,7
2023-03-21,海龟放量,6,7,0,7
2023-03-21,海龟放量,7,7,0,7
2023-03-21,海龟放量,8,7,0,7
2023-03-21,海龟放量,9,7,0,7
2023-03-21,海龟均线,1,23,2,19
2023-03-21,海龟均线,2,4,0,4
2023-03-21,海龟均线,3,4,0,4
2023-03-21,海龟均线,4,4,0,4
2023-03-21,海龟均线,5,4,0,4
2023-03-21,海龟均线,6,4,0,4
2023-03-21,海龟均线,7,4,0,4
2023-03-21,海龟均线,8,4,0,4
2023-03-21,海龟均线,9,4,0,4
2023-03-21,海龟突破,1,70,8,52
2023-03-21,海龟突破,2,34,0,34
2023-03-21,海龟突破,3,34,0,34
2023-03-21,海龟突破,4,34,0,34
2023-03-21,海龟突破,5,34,0,34
2023-03-21,海龟突破,6,34,0,34
2023-03-21,海龟突破,7,34,0,34
2023-03-21,海龟突破,8,34,0,34
2023-03-21,海龟突破,9,34,0,34
2023-03-21,均线突破,1,10,0,9
2023-03-21,均线突破,2,3,0,3
2023-03-21,均线突破,3,3,0,3
2023-03-21,均线突破,4,3,0,3
2023-03-21,均线突破,5,3,0,3
2023-03-21,均线突破,6,3,0,3
2023-03-21,均线突破,7,3,0,3
2023-03-21,均线突破,8,3,0,3
2023-03-21,均线突破,9,3,0,3
2023-03-21,海龟均线突破,1,8,0,8
2023-03-21,海龟均线突破,2,3,0,3
2023-03-21,海龟均线突破,3,3,0,3
2023-03-21,海龟均线突破,4,3,0,3
2023-03-21,海龟均线突破,5,3,0,3
2023-03-21,海龟均线突破,6,3,0,3
2023-03-21,海龟均线突破,7,3,0,3
2023-03-21,海龟均线突破,8,3,0,3
2023-03-21,海龟均线突破,9,3,0,3
